session,uid,round,color,score,num_of_neighbor,hist_color,hist_neighbor,hist_skip,new_color
1,1,1,3,0,6,0.0,0.0,0.0,0
1,2,1,3,0,6,0.0,0.0,0.0,1
1,3,1,3,0,6,0.0,0.0,0.0,0
1,4,1,3,0,6,0.0,0.0,0.0,1
1,5,1,3,0,6,0.0,0.0,0.0,1
1,6,1,3,0,6,0.0,0.0,0.0,996
1,7,1,3,0,6,0.0,0.0,0.0,0
1,8,1,3,0,6,0.0,0.0,0.0,0
1,9,1,3,0,6,0.0,0.0,0.0,1
1,10,1,3,0,6,0.0,0.0,0.0,0
1,11,1,3,0,6,0.0,0.0,0.0,0
1,12,1,3,0,6,0.0,0.0,0.0,0
1,13,1,3,0,6,0.0,0.0,0.0,1
1,14,1,3,0,6,0.0,0.0,0.0,1
1,15,1,3,0,6,0.0,0.0,0.0,1
1,1,2,0,83,6,1.0,0.0,0.0,996
1,2,2,1,33,6,1.0,0.0,0.0,2
1,3,2,0,83,6,1.0,0.0,0.0,996
1,4,2,1,67,6,1.0,0.0,0.0,2
1,5,2,1,67,6,1.0,0.0,0.0,2
1,6,2,3,100,6,0.0,0.0,1.0,996
1,7,2,0,67,6,1.0,0.0,0.0,996
1,8,2,0,50,6,1.0,0.0,0.0,996
1,9,2,1,100,6,1.0,0.0,0.0,996
1,10,2,0,33,6,1.0,0.0,0.0,2
1,11,2,0,50,6,1.0,0.0,0.0,3
1,12,2,0,67,6,1.0,0.0,0.0,996
1,13,2,1,67,6,1.0,0.0,0.0,996
1,14,2,1,50,6,1.0,0.0,0.0,2
1,15,2,1,50,6,1.0,0.0,0.0,996
1,1,3,0,100,6,0.5,0.5,0.0,996
1,2,3,2,57,7,1.0,0.0,0.0,996
1,3,3,0,100,5,0.5,0.0,0.5,996
1,4,3,2,67,6,1.0,0.0,0.0,1
1,5,3,2,60,5,1.0,0.0,0.0,1
1,6,3,3,100,9,0.0,0.0,1.0,996
1,7,3,0,83,6,0.5,0.0,0.5,2
1,8,3,0,83,6,0.5,0.5,0.0,996
1,9,3,1,100,6,0.5,0.0,0.5,996
1,10,3,2,100,6,1.0,0.0,0.0,996
1,11,3,3,100,6,1.0,0.0,0.0,996
1,12,3,0,100,6,0.5,0.0,0.5,996
1,13,3,1,100,5,0.5,0.5,0.0,996
1,14,3,2,80,5,1.0,0.0,0.0,996
1,15,3,1,100,6,0.5,0.5,0.0,996
1,1,4,0,100,6,0.33,0.33,0.33,996
1,2,4,2,100,6,0.67,0.0,0.33,996
1,3,4,0,100,4,0.33,0.33,0.33,996
1,4,4,1,86,7,1.0,0.0,0.0,996
1,5,4,1,80,5,1.0,0.0,0.0,996
1,6,4,3,100,11,0.0,0.0,1.0,996
1,7,4,2,80,5,0.67,0.0,0.33,996
1,8,4,0,100,6,0.33,0.67,0.0,996
1,9,4,1,100,5,0.33,0.0,0.67,996
1,10,4,2,83,6,0.67,0.0,0.33,996
1,11,4,3,100,7,0.67,0.0,0.33,996
1,12,4,0,100,6,0.33,0.33,0.33,996
1,13,4,1,100,5,0.33,0.33,0.33,996
1,14,4,2,100,5,0.67,0.33,0.0,996
1,15,4,1,100,6,0.33,0.67,0.0,996
1,1,5,0,100,6,0.25,0.25,0.5,996
1,2,5,2,100,6,0.5,0.0,0.5,996
1,3,5,0,100,4,0.25,0.25,0.5,996
1,4,5,1,100,7,0.75,0.25,0.0,996
1,5,5,1,100,4,0.75,0.0,0.25,996
1,6,5,3,100,10,0.0,0.0,1.0,996
1,7,5,2,83,6,0.5,0.0,0.5,0
1,8,5,0,100,6,0.25,0.5,0.25,996
1,9,5,1,100,5,0.25,0.0,0.75,996
1,10,5,2,83,6,0.5,0.0,0.5,996
1,11,5,3,100,8,0.5,0.0,0.5,996
1,12,5,0,100,6,0.25,0.25,0.5,996
1,13,5,1,100,5,0.25,0.25,0.5,996
1,14,5,2,100,5,0.5,0.25,0.25,996
1,15,5,1,100,6,0.25,0.75,0.0,996
2,1,1,3,0,6,0.0,0.0,0.0,996
2,2,1,3,0,6,0.0,0.0,0.0,2
2,3,1,3,0,6,0.0,0.0,0.0,996
2,4,1,3,0,6,0.0,0.0,0.0,0
2,5,1,3,0,6,0.0,0.0,0.0,2
2,6,1,3,0,6,0.0,0.0,0.0,996
2,7,1,3,0,6,0.0,0.0,0.0,0
2,8,1,3,0,6,0.0,0.0,0.0,996
2,9,1,3,0,6,0.0,0.0,0.0,996
2,10,1,3,0,6,0.0,0.0,0.0,0
2,11,1,3,0,6,0.0,0.0,0.0,0
2,12,1,3,0,6,0.0,0.0,0.0,1
2,13,1,3,0,6,0.0,0.0,0.0,1
2,14,1,3,0,6,0.0,0.0,0.0,996
2,15,1,3,0,6,0.0,0.0,0.0,2
2,16,1,3,0,6,0.0,0.0,0.0,2
2,17,1,3,0,6,0.0,0.0,0.0,996
2,18,1,3,0,6,0.0,0.0,0.0,996
2,19,1,3,0,6,0.0,0.0,0.0,0
2,20,1,3,0,6,0.0,0.0,0.0,996
2,21,1,3,0,6,0.0,0.0,0.0,1
2,1,2,3,67,6,0.0,0.0,1.0,996
2,2,2,2,83,6,1.0,0.0,0.0,996
2,3,2,3,67,6,0.0,0.0,1.0,996
2,4,2,0,86,7,1.0,0.0,0.0,996
2,5,2,2,83,6,1.0,0.0,0.0,996
2,6,2,3,50,6,0.0,0.0,1.0,996
2,7,2,0,67,6,1.0,0.0,0.0,996
2,8,2,3,67,6,0.0,0.0,1.0,996
2,9,2,3,67,6,0.0,0.0,1.0,996
2,10,2,0,67,6,1.0,0.0,0.0,2
2,11,2,0,83,6,1.0,0.0,0.0,2
2,12,2,1,83,6,1.0,0.0,0.0,996
2,13,2,1,83,6,1.0,0.0,0.0,996
2,14,2,3,83,6,0.0,0.0,1.0,996
2,15,2,2,83,6,1.0,0.0,0.0,996
2,16,2,2,83,6,1.0,0.0,0.0,996
2,17,2,3,50,6,0.0,0.0,1.0,0
2,18,2,3,80,5,0.0,0.0,1.0,996
2,19,2,0,100,6,1.0,0.0,0.0,996
2,20,2,3,67,6,0.0,1.0,0.0,996
2,21,2,1,100,6,1.0,0.0,0.0,996
2,1,3,3,67,6,0.0,0.0,1.0,996
2,2,3,2,100,5,0.5,0.5,0.0,996
2,3,3,3,83,6,0.0,0.5,0.5,996
2,4,3,0,86,7,0.5,0.0,0.5,996
2,5,3,2,100,6,0.5,0.0,0.5,996
2,6,3,3,60,5,0.0,0.0,1.0,996
2,7,3,0,83,6,0.5,0.5,0.0,1
2,8,3,3,67,6,0.0,0.0,1.0,996
2,9,3,3,67,6,0.0,0.0,1.0,0
2,10,3,2,83,6,1.0,0.0,0.0,996
2,11,3,2,86,7,1.0,0.0,0.0,0
2,12,3,1,100,8,0.5,0.5,0.0,996
2,13,3,1,100,5,0.5,0.0,0.5,996
2,14,3,3,100,6,0.0,0.0,1.0,0
2,15,3,2,100,5,0.5,0.5,0.0,996
2,16,3,2,100,6,0.5,0.5,0.0,996
2,17,3,0,83,6,0.5,0.0,0.5,3
2,18,3,3,100,4,0.0,0.0,1.0,996
2,19,3,0,88,8,0.5,0.0,0.5,996
2,20,3,3,83,6,0.0,1.0,0.0,996
2,21,3,1,100,6,0.5,0.0,0.5,996
2,1,4,3,67,6,0.0,0.33,0.67,996
2,2,4,2,100,5,0.33,0.33,0.33,996
2,3,4,3,100,4,0.0,0.67,0.33,996
2,4,4,0,100,8,0.33,0.33,0.33,996
2,5,4,2,100,6,0.33,0.0,0.67,996
2,6,4,3,80,5,0.0,0.0,1.0,996
2,7,4,1,86,7,0.67,0.33,0.0,996
2,8,4,3,86,7,0.0,0.0,1.0,996
2,9,4,0,83,6,0.33,0.0,0.67,996
2,10,4,2,100,6,0.67,0.33,0.0,996
2,11,4,0,67,6,1.0,0.0,0.0,2
2,12,4,1,100,10,0.33,0.33,0.33,996
2,13,4,1,100,5,0.33,0.0,0.67,996
2,14,4,0,83,6,0.33,0.0,0.67,996
2,15,4,2,100,5,0.33,0.33,0.33,996
2,16,4,2,100,7,0.33,0.33,0.33,996
2,17,4,3,60,5,0.67,0.0,0.33,0
2,18,4,3,75,4,0.0,0.0,1.0,996
2,19,4,0,100,8,0.33,0.33,0.33,996
2,20,4,3,83,6,0.0,1.0,0.0,996
2,21,4,1,83,6,0.33,0.33,0.33,996
2,1,5,3,100,5,0.0,0.5,0.5,996
2,2,5,2,100,5,0.25,0.25,0.5,996
2,3,5,3,100,5,0.0,0.5,0.5,996
2,4,5,0,100,9,0.25,0.25,0.5,996
2,5,5,2,100,6,0.25,0.0,0.75,996
2,6,5,3,80,5,0.0,0.0,1.0,996
2,7,5,1,100,7,0.5,0.25,0.25,996
2,8,5,3,86,7,0.0,0.25,0.75,996
2,9,5,0,100,6,0.25,0.25,0.5,996
2,10,5,2,100,5,0.5,0.25,0.25,996
2,11,5,2,100,6,1.0,0.0,0.0,996
2,12,5,1,100,10,0.25,0.25,0.5,996
2,13,5,1,100,6,0.25,0.0,0.75,996
2,14,5,0,83,6,0.25,0.0,0.75,3
2,15,5,2,100,5,0.25,0.25,0.5,996
2,16,5,2,100,7,0.25,0.25,0.5,996
2,17,5,0,75,4,0.75,0.0,0.25,1
2,18,5,3,100,4,0.0,0.0,1.0,996
2,19,5,0,100,8,0.25,0.25,0.5,996
2,20,5,3,100,6,0.0,1.0,0.0,996
2,21,5,1,100,6,0.25,0.5,0.25,996
2,1,6,3,80,5,0.0,0.6,0.4,996
2,2,6,2,100,4,0.2,0.2,0.6,996
2,3,6,3,100,6,0.0,0.4,0.6,996
2,4,6,0,100,9,0.2,0.4,0.4,996
2,5,6,2,100,6,0.2,0.0,0.8,996
2,6,6,3,75,4,0.0,0.0,1.0,996
2,7,6,1,100,7,0.4,0.2,0.4,996
2,8,6,3,88,8,0.0,0.2,0.8,2
2,9,6,0,100,6,0.2,0.2,0.6,996
2,10,6,2,100,5,0.4,0.2,0.4,996
2,11,6,2,100,6,0.8,0.0,0.2,0
2,12,6,1,100,10,0.2,0.2,0.6,996
2,13,6,1,100,6,0.2,0.0,0.8,996
2,14,6,3,100,6,0.4,0.0,0.6,0
2,15,6,2,100,5,0.2,0.2,0.6,996
2,16,6,2,100,7,0.2,0.2,0.6,996
2,17,6,1,100,4,0.8,0.0,0.2,996
2,18,6,3,100,4,0.0,0.0,1.0,996
2,19,6,0,100,8,0.2,0.2,0.6,996
2,20,6,3,86,7,0.0,0.8,0.2,996
2,21,6,1,100,5,0.2,0.6,0.2,996
2,1,7,3,100,4,0.0,0.67,0.33,996
2,2,7,2,100,4,0.17,0.17,0.67,996
2,3,7,3,100,6,0.0,0.33,0.67,996
2,4,7,0,100,9,0.17,0.5,0.33,996
2,5,7,2,83,6,0.17,0.0,0.83,996
2,6,7,3,100,5,0.0,0.0,1.0,996
2,7,7,1,100,7,0.33,0.17,0.5,996
2,8,7,2,88,8,0.17,0.17,0.67,996
2,9,7,0,100,6,0.17,0.17,0.67,996
2,10,7,2,100,5,0.33,0.17,0.5,996
2,11,7,0,86,7,0.83,0.0,0.17,996
2,12,7,1,100,10,0.17,0.17,0.67,996
2,13,7,1,100,6,0.17,0.0,0.83,996
2,14,7,0,83,6,0.5,0.0,0.5,996
2,15,7,2,100,5,0.17,0.17,0.67,996
2,16,7,2,100,7,0.17,0.17,0.67,996
2,17,7,1,100,5,0.67,0.0,0.33,996
2,18,7,3,100,5,0.0,0.0,1.0,996
2,19,7,0,100,7,0.17,0.17,0.67,996
2,20,7,3,100,7,0.0,0.83,0.17,996
2,21,7,1,100,5,0.17,0.67,0.17,996
2,1,8,3,100,5,0.0,0.71,0.29,996
2,2,8,2,100,4,0.14,0.14,0.71,996
2,3,8,3,100,6,0.0,0.29,0.71,996
2,4,8,0,100,9,0.14,0.57,0.29,996
2,5,8,2,100,5,0.14,0.14,0.71,996
2,6,8,3,100,5,0.0,0.0,1.0,996
2,7,8,1,100,7,0.29,0.14,0.57,996
2,8,8,2,100,7,0.14,0.29,0.57,0
2,9,8,0,100,6,0.14,0.14,0.71,996
2,10,8,2,100,5,0.29,0.14,0.57,996
2,11,8,0,86,7,0.71,0.0,0.29,996
2,12,8,1,100,10,0.14,0.14,0.71,996
2,13,8,1,100,6,0.14,0.0,0.86,996
2,14,8,0,86,7,0.43,0.0,0.57,996
2,15,8,2,100,5,0.14,0.14,0.71,996
2,16,8,2,100,7,0.14,0.14,0.71,996
2,17,8,1,100,5,0.57,0.0,0.43,996
2,18,8,3,100,5,0.0,0.0,1.0,996
2,19,8,0,100,6,0.14,0.14,0.71,996
2,20,8,3,100,7,0.0,0.71,0.29,996
2,21,8,1,100,6,0.14,0.71,0.14,996
2,1,9,3,100,5,0.0,0.75,0.25,996
2,2,9,2,100,3,0.12,0.12,0.75,996
2,3,9,3,100,6,0.0,0.25,0.75,996
2,4,9,0,88,8,0.12,0.5,0.38,996
2,5,9,2,100,5,0.12,0.12,0.75,996
2,6,9,3,100,5,0.0,0.0,1.0,996
2,7,9,1,100,8,0.25,0.12,0.62,996
2,8,9,0,29,7,0.25,0.25,0.5,996
2,9,9,0,83,6,0.12,0.12,0.75,996
2,10,9,2,100,5,0.25,0.12,0.62,996
2,11,9,0,88,8,0.62,0.12,0.25,2
2,12,9,1,100,10,0.12,0.12,0.75,996
2,13,9,1,100,6,0.12,0.0,0.88,996
2,14,9,0,88,8,0.38,0.12,0.5,996
2,15,9,2,100,5,0.12,0.12,0.75,996
2,16,9,2,100,7,0.12,0.12,0.75,996
2,17,9,1,100,5,0.5,0.0,0.5,996
2,18,9,3,100,5,0.0,0.0,1.0,996
2,19,9,0,83,6,0.12,0.12,0.75,996
2,20,9,3,100,8,0.0,0.62,0.38,996
2,21,9,1,100,6,0.12,0.75,0.12,996
2,1,10,3,100,5,0.0,0.67,0.33,996
2,2,10,2,100,3,0.11,0.11,0.78,996
2,3,10,3,100,6,0.0,0.33,0.67,996
2,4,10,0,100,8,0.11,0.56,0.33,996
2,5,10,2,100,5,0.11,0.11,0.78,996
2,6,10,3,100,5,0.0,0.0,1.0,996
2,7,10,1,100,8,0.22,0.11,0.67,996
2,8,10,0,60,5,0.22,0.22,0.56,996
2,9,10,0,100,6,0.11,0.22,0.67,996
2,10,10,2,100,6,0.22,0.11,0.67,996
2,11,10,2,100,7,0.67,0.11,0.22,996
2,12,10,1,100,10,0.11,0.11,0.78,996
2,13,10,1,100,7,0.11,0.0,0.89,996
2,14,10,0,88,8,0.33,0.11,0.56,3
2,15,10,2,100,6,0.11,0.11,0.78,996
2,16,10,2,100,7,0.11,0.11,0.78,996
2,17,10,1,100,5,0.44,0.0,0.56,996
2,18,10,3,100,6,0.0,0.0,1.0,996
2,19,10,0,83,6,0.11,0.11,0.78,1
2,20,10,3,100,8,0.0,0.56,0.44,996
2,21,10,1,100,5,0.11,0.78,0.11,996
2,1,11,3,80,5,0.0,0.6,0.4,996
2,2,11,2,100,3,0.1,0.1,0.8,996
2,3,11,3,100,8,0.0,0.4,0.6,996
2,4,11,0,100,8,0.1,0.5,0.4,996
2,5,11,2,100,5,0.1,0.1,0.8,0
2,6,11,3,100,5,0.0,0.0,1.0,996
2,7,11,1,100,7,0.2,0.1,0.7,996
2,8,11,0,100,5,0.2,0.3,0.5,996
2,9,11,0,100,6,0.1,0.2,0.7,996
2,10,11,2,100,5,0.2,0.1,0.7,996
2,11,11,2,100,6,0.6,0.1,0.3,996
2,12,11,1,100,10,0.1,0.1,0.8,996
2,13,11,1,100,7,0.1,0.0,0.9,996
2,14,11,3,75,8,0.4,0.1,0.5,0
2,15,11,2,100,7,0.1,0.1,0.8,996
2,16,11,2,100,7,0.1,0.1,0.8,996
2,17,11,1,100,5,0.4,0.0,0.6,996
2,18,11,3,100,6,0.0,0.0,1.0,996
2,19,11,1,100,6,0.2,0.1,0.7,996
2,20,11,3,88,8,0.0,0.5,0.5,996
2,21,11,1,100,5,0.1,0.8,0.1,0
2,1,12,3,100,5,0.0,0.55,0.45,996
2,2,12,2,100,3,0.09,0.09,0.82,996
2,3,12,3,100,8,0.0,0.36,0.64,996
2,4,12,0,100,8,0.09,0.45,0.45,996
2,5,12,0,100,5,0.18,0.09,0.73,996
2,6,12,3,100,5,0.0,0.0,1.0,996
2,7,12,1,100,7,0.18,0.09,0.73,996
2,8,12,0,80,5,0.18,0.27,0.55,3
2,9,12,0,100,7,0.09,0.18,0.73,996
2,10,12,2,100,5,0.18,0.09,0.73,996
2,11,12,2,100,6,0.55,0.09,0.36,996
2,12,12,1,100,10,0.09,0.09,0.82,996
2,13,12,1,100,7,0.09,0.0,0.91,996
2,14,12,0,86,7,0.45,0.09,0.45,3
2,15,12,2,100,7,0.09,0.09,0.82,996
2,16,12,2,100,7,0.09,0.09,0.82,996
2,17,12,1,100,5,0.36,0.0,0.64,996
2,18,12,3,100,6,0.0,0.0,1.0,996
2,19,12,1,100,6,0.18,0.09,0.73,996
2,20,12,3,100,8,0.0,0.55,0.45,996
2,21,12,0,100,5,0.18,0.73,0.09,2
2,1,13,3,80,5,0.0,0.5,0.5,996
2,2,13,2,100,3,0.08,0.08,0.83,996
2,3,13,3,88,8,0.0,0.33,0.67,996
2,4,13,0,100,8,0.08,0.42,0.5,996
2,5,13,0,100,5,0.17,0.08,0.75,996
2,6,13,3,80,5,0.0,0.0,1.0,996
2,7,13,1,100,7,0.17,0.08,0.75,996
2,8,13,3,40,5,0.25,0.25,0.5,996
2,9,13,0,100,7,0.08,0.17,0.75,996
2,10,13,2,80,5,0.17,0.17,0.67,3
2,11,13,2,100,6,0.5,0.08,0.42,0
2,12,13,1,100,9,0.08,0.08,0.83,996
2,13,13,1,100,7,0.08,0.0,0.92,996
2,14,13,3,71,7,0.5,0.08,0.42,996
2,15,13,2,100,7,0.08,0.08,0.83,996
2,16,13,2,100,7,0.08,0.08,0.83,996
2,17,13,1,100,5,0.33,0.0,0.67,996
2,18,13,3,100,6,0.0,0.0,1.0,996
2,19,13,1,100,6,0.17,0.08,0.75,996
2,20,13,3,100,8,0.0,0.5,0.5,996
2,21,13,2,83,6,0.25,0.67,0.08,996
2,1,14,3,80,5,0.0,0.46,0.54,996
2,2,14,2,100,3,0.08,0.08,0.85,996
2,3,14,3,88,8,0.0,0.31,0.69,996
2,4,14,0,100,8,0.08,0.46,0.46,996
2,5,14,0,100,5,0.15,0.08,0.77,996
2,6,14,3,80,5,0.0,0.0,1.0,996
2,7,14,1,100,7,0.15,0.08,0.77,996
2,8,14,3,33,6,0.23,0.31,0.46,996
2,9,14,0,100,7,0.08,0.15,0.77,996
2,10,14,3,100,3,0.23,0.15,0.62,996
2,11,14,0,100,5,0.54,0.08,0.38,996
2,12,14,1,100,9,0.08,0.08,0.85,996
2,13,14,1,100,7,0.08,0.0,0.92,996
2,14,14,3,71,7,0.46,0.08,0.46,996
2,15,14,2,100,7,0.08,0.08,0.85,996
2,16,14,2,100,8,0.08,0.08,0.85,996
2,17,14,1,100,5,0.31,0.0,0.69,996
2,18,14,3,86,7,0.0,0.0,1.0,996
2,19,14,1,100,6,0.15,0.08,0.77,996
2,20,14,3,100,8,0.0,0.46,0.54,996
2,21,14,2,100,6,0.23,0.69,0.08,996
2,1,15,3,80,5,0.0,0.43,0.57,996
2,2,15,2,100,3,0.07,0.07,0.86,996
2,3,15,3,88,8,0.0,0.29,0.71,996
2,4,15,0,100,8,0.07,0.5,0.43,996
2,5,15,0,100,5,0.14,0.07,0.79,996
2,6,15,3,80,5,0.0,0.0,1.0,996
2,7,15,1,100,7,0.14,0.07,0.79,996
2,8,15,3,17,6,0.21,0.36,0.43,996
2,9,15,0,100,7,0.07,0.14,0.79,996
2,10,15,3,100,4,0.21,0.14,0.64,996
2,11,15,0,100,5,0.5,0.07,0.43,996
2,12,15,1,100,9,0.07,0.07,0.86,996
2,13,15,1,100,7,0.07,0.0,0.93,996
2,14,15,3,71,7,0.43,0.07,0.5,0
2,15,15,2,100,7,0.07,0.07,0.86,996
2,16,15,2,100,8,0.07,0.07,0.86,996
2,17,15,1,100,5,0.29,0.0,0.71,996
2,18,15,3,83,6,0.0,0.0,1.0,996
2,19,15,1,100,5,0.14,0.07,0.79,996
2,20,15,3,89,9,0.0,0.43,0.57,996
2,21,15,2,100,6,0.21,0.64,0.14,996
3,1,1,3,0,6,0.0,0.0,0.0,2
3,2,1,3,0,6,0.0,0.0,0.0,996
3,3,1,3,0,6,0.0,0.0,0.0,2
3,4,1,3,0,6,0.0,0.0,0.0,2
3,5,1,3,0,6,0.0,0.0,0.0,0
3,6,1,3,0,6,0.0,0.0,0.0,996
3,7,1,3,0,6,0.0,0.0,0.0,0
3,8,1,3,0,6,0.0,0.0,0.0,1
3,9,1,3,0,6,0.0,0.0,0.0,1
3,10,1,3,0,6,0.0,0.0,0.0,2
3,11,1,3,0,6,0.0,0.0,0.0,1
3,12,1,3,0,6,0.0,0.0,0.0,1
3,13,1,3,0,6,0.0,0.0,0.0,1
3,14,1,3,0,6,0.0,0.0,0.0,996
3,15,1,3,0,6,0.0,0.0,0.0,2
3,16,1,3,0,6,0.0,0.0,0.0,1
3,1,2,2,50,6,1.0,0.0,0.0,0
3,2,2,3,100,6,0.0,0.0,1.0,2
3,3,2,2,60,5,1.0,0.0,0.0,3
3,4,2,2,67,6,1.0,0.0,0.0,996
3,5,2,0,83,6,1.0,0.0,0.0,996
3,6,2,3,100,6,0.0,1.0,0.0,0
3,7,2,0,83,6,1.0,0.0,0.0,996
3,8,2,1,67,6,1.0,0.0,0.0,996
3,9,2,1,50,6,1.0,0.0,0.0,996
3,10,2,2,100,7,1.0,0.0,0.0,996
3,11,2,1,33,6,1.0,0.0,0.0,996
3,12,2,1,50,6,1.0,0.0,0.0,0
3,13,2,1,50,6,1.0,0.0,0.0,3
3,14,2,3,100,6,0.0,0.0,1.0,996
3,15,2,2,83,6,1.0,0.0,0.0,996
3,16,2,1,83,6,1.0,0.0,0.0,0
3,1,3,0,71,7,1.0,0.0,0.0,996
3,2,3,2,83,6,0.5,0.0,0.5,0
3,3,3,3,100,5,1.0,0.0,0.0,996
3,4,3,2,83,6,0.5,0.5,0.0,3
3,5,3,0,80,5,0.5,0.5,0.0,996
3,6,3,0,67,6,0.5,0.5,0.0,996
3,7,3,0,67,6,0.5,0.5,0.0,3
3,8,3,1,67,6,0.5,0.0,0.5,3
3,9,3,1,67,6,0.5,0.5,0.0,996
3,10,3,2,100,7,0.5,0.0,0.5,0
3,11,3,1,67,6,0.5,0.0,0.5,996
3,12,3,0,100,5,1.0,0.0,0.0,996
3,13,3,3,83,6,1.0,0.0,0.0,996
3,14,3,3,83,6,0.0,0.0,1.0,996
3,15,3,2,71,7,0.5,0.0,0.5,1
3,16,3,0,83,6,1.0,0.0,0.0,1
3,1,4,0,86,7,0.67,0.0,0.33,2
3,2,4,0,67,6,0.67,0.0,0.33,1
3,3,4,3,86,7,0.67,0.0,0.33,996
3,4,4,3,67,6,0.67,0.33,0.0,996
3,5,4,0,80,5,0.33,0.67,0.0,2
3,6,4,0,83,6,0.33,0.33,0.33,3
3,7,4,3,67,6,0.67,0.33,0.0,2
3,8,4,3,83,6,0.67,0.0,0.33,996
3,9,4,1,100,6,0.33,0.67,0.0,996
3,10,4,0,71,7,0.67,0.0,0.33,996
3,11,4,1,100,6,0.33,0.33,0.33,996
3,12,4,0,80,5,0.67,0.0,0.33,996
3,13,4,3,100,6,0.67,0.0,0.33,996
3,14,4,3,100,6,0.0,0.33,0.67,996
3,15,4,1,86,7,0.67,0.0,0.33,2
3,16,4,1,83,6,1.0,0.0,0.0,996
3,1,5,2,71,7,0.75,0.0,0.25,996
3,2,5,1,67,6,0.75,0.0,0.25,2
3,3,5,3,100,7,0.5,0.25,0.25,996
3,4,5,3,83,6,0.5,0.5,0.0,2
3,5,5,2,100,5,0.5,0.5,0.0,996
3,6,5,3,57,7,0.5,0.25,0.25,996
3,7,5,2,80,5,0.75,0.25,0.0,996
3,8,5,3,83,6,0.5,0.0,0.5,996
3,9,5,1,83,6,0.25,0.75,0.0,996
3,10,5,0,88,8,0.5,0.0,0.5,3
3,11,5,1,100,7,0.25,0.25,0.5,996
3,12,5,0,80,5,0.5,0.0,0.5,996
3,13,5,3,100,7,0.5,0.0,0.5,996
3,14,5,3,83,6,0.0,0.25,0.75,996
3,15,5,2,83,6,0.75,0.0,0.25,996
3,16,5,1,83,6,0.75,0.25,0.0,996
3,1,6,2,57,7,0.6,0.0,0.4,996
3,2,6,2,25,4,0.8,0.0,0.2,996
3,3,6,3,86,7,0.4,0.2,0.4,0
3,4,6,2,20,5,0.6,0.4,0.0,996
3,5,6,2,67,6,0.4,0.4,0.2,1
3,6,6,3,57,7,0.4,0.4,0.2,2
3,7,6,2,80,5,0.6,0.4,0.0,996
3,8,6,3,67,6,0.4,0.0,0.6,0
3,9,6,1,100,6,0.2,0.8,0.0,996
3,10,6,3,50,8,0.6,0.0,0.4,1
3,11,6,1,100,9,0.2,0.2,0.6,996
3,12,6,0,100,5,0.4,0.2,0.4,996
3,13,6,3,86,7,0.4,0.0,0.6,996
3,14,6,3,83,6,0.0,0.2,0.8,996
3,15,6,2,50,6,0.6,0.0,0.4,996
3,16,6,1,100,6,0.6,0.4,0.0,996
3,1,7,2,71,7,0.5,0.17,0.33,996
3,2,7,2,50,4,0.67,0.0,0.33,1
3,3,7,0,100,7,0.5,0.17,0.33,996
3,4,7,2,33,3,0.5,0.5,0.0,0
3,5,7,1,80,5,0.5,0.33,0.17,996
3,6,7,2,86,7,0.5,0.33,0.17,0
3,7,7,2,80,5,0.5,0.5,0.0,3
3,8,7,0,100,6,0.5,0.0,0.5,996
3,9,7,1,75,8,0.17,0.67,0.17,996
3,10,7,1,62,8,0.67,0.0,0.33,996
3,11,7,1,89,9,0.17,0.17,0.67,996
3,12,7,0,100,6,0.33,0.17,0.5,996
3,13,7,3,100,7,0.33,0.0,0.67,996
3,14,7,3,100,6,0.0,0.17,0.83,996
3,15,7,2,67,6,0.5,0.17,0.33,1
3,16,7,1,83,6,0.5,0.33,0.17,996
3,1,8,2,100,7,0.43,0.29,0.29,1
3,2,8,1,60,5,0.71,0.0,0.29,996
3,3,8,0,100,7,0.43,0.14,0.43,996
3,4,8,0,100,3,0.57,0.43,0.0,996
3,5,8,1,80,5,0.43,0.43,0.14,2
3,6,8,0,86,7,0.57,0.29,0.14,3
3,7,8,3,100,6,0.57,0.43,0.0,996
3,8,8,0,83,6,0.43,0.0,0.57,996
3,9,8,1,75,8,0.14,0.71,0.14,996
3,10,8,1,83,6,0.57,0.0,0.43,0
3,11,8,1,89,9,0.14,0.29,0.57,996
3,12,8,0,100,8,0.29,0.14,0.57,996
3,13,8,3,100,8,0.29,0.0,0.71,996
3,14,8,3,100,6,0.0,0.14,0.86,996
3,15,8,1,80,5,0.57,0.14,0.29,996
3,16,8,1,100,6,0.43,0.43,0.14,996
3,1,9,1,50,8,0.5,0.25,0.25,996
3,2,9,1,75,4,0.62,0.0,0.38,0
3,3,9,0,86,7,0.38,0.12,0.5,3
3,4,9,0,100,4,0.5,0.38,0.12,996
3,5,9,2,100,5,0.5,0.38,0.12,996
3,6,9,3,71,7,0.62,0.25,0.12,996
3,7,9,3,83,6,0.5,0.38,0.12,996
3,8,9,0,83,6,0.38,0.0,0.62,996
3,9,9,1,75,8,0.12,0.75,0.12,2
3,10,9,0,60,5,0.62,0.0,0.38,996
3,11,9,1,89,9,0.12,0.38,0.5,996
3,12,9,0,100,8,0.25,0.12,0.62,996
3,13,9,3,100,8,0.25,0.0,0.75,996
3,14,9,3,83,6,0.0,0.12,0.88,996
3,15,9,1,80,5,0.5,0.12,0.38,996
3,16,9,1,83,6,0.38,0.38,0.25,996
3,1,10,1,100,7,0.44,0.33,0.22,996
3,2,10,0,67,3,0.67,0.0,0.33,1
3,3,10,3,100,7,0.44,0.11,0.44,996
3,4,10,0,80,5,0.44,0.33,0.22,996
3,5,10,2,100,7,0.44,0.44,0.11,996
3,6,10,3,88,8,0.56,0.33,0.11,0
3,7,10,3,100,6,0.44,0.44,0.11,2
3,8,10,0,83,6,0.33,0.0,0.67,996
3,9,10,2,100,6,0.22,0.67,0.11,996
3,10,10,0,83,6,0.56,0.0,0.44,996
3,11,10,1,100,9,0.11,0.44,0.44,996
3,12,10,0,100,8,0.22,0.11,0.67,996
3,13,10,3,100,8,0.22,0.0,0.78,996
3,14,10,3,83,6,0.0,0.11,0.89,996
3,15,10,1,100,6,0.44,0.22,0.33,996
3,16,10,1,100,6,0.33,0.44,0.22,996
3,1,11,1,86,7,0.4,0.3,0.3,996
3,2,11,1,67,3,0.7,0.0,0.3,996
3,3,11,3,100,7,0.4,0.1,0.5,996
3,4,11,0,100,5,0.4,0.3,0.3,996
3,5,11,2,100,7,0.4,0.4,0.2,996
3,6,11,0,67,6,0.6,0.3,0.1,996
3,7,11,2,100,6,0.5,0.4,0.1,996
3,8,11,0,86,7,0.3,0.1,0.6,996
3,9,11,2,100,6,0.2,0.6,0.2,996
3,10,11,0,80,5,0.5,0.0,0.5,996
3,11,11,1,100,9,0.1,0.4,0.5,996
3,12,11,0,100,8,0.2,0.1,0.7,996
3,13,11,3,100,8,0.2,0.0,0.8,996
3,14,11,3,100,6,0.0,0.2,0.8,996
3,15,11,1,100,6,0.4,0.3,0.3,996
3,16,11,1,100,6,0.3,0.4,0.3,996
4,1,1,3,0,6,0.0,0.0,0.0,0
4,2,1,3,0,6,0.0,0.0,0.0,2
4,3,1,3,0,6,0.0,0.0,0.0,2
4,4,1,3,0,6,0.0,0.0,0.0,1
4,5,1,3,0,6,0.0,0.0,0.0,1
4,6,1,3,0,6,0.0,0.0,0.0,0
4,7,1,3,0,6,0.0,0.0,0.0,0
4,8,1,3,0,6,0.0,0.0,0.0,996
4,9,1,3,0,6,0.0,0.0,0.0,2
4,10,1,3,0,6,0.0,0.0,0.0,2
4,11,1,3,0,6,0.0,0.0,0.0,2
4,12,1,3,0,6,0.0,0.0,0.0,0
4,13,1,3,0,6,0.0,0.0,0.0,0
4,14,1,3,0,6,0.0,0.0,0.0,0
4,15,1,3,0,6,0.0,0.0,0.0,2
4,16,1,3,0,6,0.0,0.0,0.0,1
4,17,1,3,0,6,0.0,0.0,0.0,2
4,18,1,3,0,6,0.0,0.0,0.0,0
4,19,1,3,0,6,0.0,0.0,0.0,2
4,20,1,3,0,6,0.0,0.0,0.0,2
4,21,1,3,0,6,0.0,0.0,0.0,0
4,22,1,3,0,6,0.0,0.0,0.0,996
4,1,2,0,83,6,1.0,0.0,0.0,996
4,2,2,2,83,6,1.0,0.0,0.0,996
4,3,2,2,83,6,1.0,0.0,0.0,996
4,4,2,1,83,6,1.0,0.0,0.0,0
4,5,2,1,83,6,1.0,0.0,0.0,996
4,6,2,0,83,6,1.0,0.0,0.0,3
4,7,2,0,83,6,1.0,0.0,0.0,996
4,8,2,3,100,6,0.0,0.0,1.0,996
4,9,2,2,67,6,1.0,0.0,0.0,996
4,10,2,2,67,6,1.0,0.0,0.0,996
4,11,2,2,67,6,1.0,0.0,0.0,1
4,12,2,0,67,6,1.0,0.0,0.0,996
4,13,2,0,67,6,1.0,0.0,0.0,996
4,14,2,0,67,6,1.0,0.0,0.0,996
4,15,2,2,83,6,1.0,0.0,0.0,996
4,16,2,1,100,6,1.0,0.0,0.0,996
4,17,2,2,50,6,1.0,0.0,0.0,996
4,18,2,0,83,6,1.0,0.0,0.0,996
4,19,2,2,67,6,1.0,0.0,0.0,1
4,20,2,2,67,6,1.0,0.0,0.0,1
4,21,2,0,67,6,1.0,0.0,0.0,996
4,22,2,3,100,6,0.0,0.0,1.0,996
4,1,3,0,83,6,0.5,0.5,0.0,996
4,2,3,2,83,6,0.5,0.0,0.5,3
4,3,3,2,83,6,0.5,0.0,0.5,996
4,4,3,0,33,6,1.0,0.0,0.0,3
4,5,3,1,100,6,0.5,0.5,0.0,996
4,6,3,0,80,5,1.0,0.0,0.0,996
4,7,3,0,83,6,0.5,0.5,0.0,996
4,8,3,3,100,6,0.0,0.0,1.0,996
4,9,3,2,100,7,0.5,0.5,0.0,996
4,10,3,2,100,6,0.5,0.5,0.0,996
4,11,3,1,100,6,1.0,0.0,0.0,996
4,12,3,0,67,6,0.5,0.5,0.0,996
4,13,3,0,80,5,0.5,0.0,0.5,996
4,14,3,0,67,6,0.5,0.0,0.5,2
4,15,3,2,100,6,0.5,0.5,0.0,996
4,16,3,1,88,8,0.5,0.0,0.5,996
4,17,3,2,100,6,0.5,0.0,0.5,996
4,18,3,0,83,6,0.5,0.0,0.5,996
4,19,3,1,67,6,1.0,0.0,0.0,996
4,20,3,1,83,6,1.0,0.0,0.0,996
4,21,3,0,80,5,0.5,0.0,0.5,996
4,22,3,3,100,8,0.0,0.0,1.0,996
4,1,4,0,100,6,0.33,0.67,0.0,996
4,2,4,3,71,7,0.67,0.0,0.33,2
4,3,4,2,100,6,0.33,0.33,0.33,996
4,4,4,3,67,3,1.0,0.0,0.0,1
4,5,4,1,100,6,0.33,0.33,0.33,996
4,6,4,0,100,4,0.67,0.33,0.0,996
4,7,4,0,100,6,0.33,0.33,0.33,1
4,8,4,3,100,11,0.0,0.0,1.0,996
4,9,4,2,100,7,0.33,0.67,0.0,996
4,10,4,2,100,7,0.33,0.33,0.33,996
4,11,4,1,100,6,0.67,0.0,0.33,996
4,12,4,0,100,6,0.33,0.67,0.0,996
4,13,4,0,100,5,0.33,0.0,0.67,996
4,14,4,2,60,5,0.67,0.0,0.33,0
4,15,4,2,83,6,0.33,0.33,0.33,996
4,16,4,1,100,8,0.33,0.33,0.33,996
4,17,4,2,86,7,0.33,0.33,0.33,996
4,18,4,0,100,6,0.33,0.33,0.33,996
4,19,4,1,100,3,0.67,0.0,0.33,2
4,20,4,1,100,6,0.67,0.33,0.0,996
4,21,4,0,100,4,0.33,0.33,0.33,996
4,22,4,3,89,9,0.0,0.0,1.0,996
4,1,5,0,100,6,0.25,0.5,0.25,996
4,2,5,2,83,6,0.75,0.0,0.25,996
4,3,5,2,83,6,0.25,0.25,0.5,996
4,4,5,1,75,4,1.0,0.0,0.0,3
4,5,5,1,83,6,0.25,0.25,0.5,996
4,6,5,0,100,4,0.5,0.5,0.0,996
4,7,5,1,67,6,0.5,0.25,0.25,0
4,8,5,3,100,11,0.0,0.0,1.0,996
4,9,5,2,86,7,0.25,0.75,0.0,996
4,10,5,2,100,7,0.25,0.25,0.5,996
4,11,5,1,100,6,0.5,0.0,0.5,996
4,12,5,0,100,7,0.25,0.5,0.25,996
4,13,5,0,80,5,0.25,0.0,0.75,3
4,14,5,0,67,3,0.75,0.0,0.25,996
4,15,5,2,100,6,0.25,0.5,0.25,996
4,16,5,1,100,7,0.25,0.25,0.5,996
4,17,5,2,100,7,0.25,0.5,0.25,996
4,18,5,0,100,6,0.25,0.25,0.5,996
4,19,5,2,75,4,0.75,0.0,0.25,996
4,20,5,1,100,7,0.5,0.25,0.25,996
4,21,5,0,100,4,0.25,0.25,0.5,996
4,22,5,3,100,9,0.0,0.25,0.75,996
5,1,1,3,0,6,0.0,0.0,0.0,996
5,2,1,3,0,6,0.0,0.0,0.0,2
5,3,1,3,0,6,0.0,0.0,0.0,2
5,4,1,3,0,6,0.0,0.0,0.0,0
5,5,1,3,0,6,0.0,0.0,0.0,0
5,6,1,3,0,6,0.0,0.0,0.0,0
5,7,1,3,0,6,0.0,0.0,0.0,996
5,8,1,3,0,6,0.0,0.0,0.0,2
5,9,1,3,0,6,0.0,0.0,0.0,1
5,10,1,3,0,6,0.0,0.0,0.0,0
5,11,1,3,0,6,0.0,0.0,0.0,0
5,12,1,3,0,6,0.0,0.0,0.0,2
5,13,1,3,0,6,0.0,0.0,0.0,0
5,14,1,3,0,6,0.0,0.0,0.0,2
5,15,1,3,0,6,0.0,0.0,0.0,2
5,16,1,3,0,6,0.0,0.0,0.0,996
5,17,1,3,0,6,0.0,0.0,0.0,0
5,18,1,3,0,6,0.0,0.0,0.0,996
5,1,2,3,80,5,0.0,0.0,1.0,1
5,2,2,2,80,5,1.0,0.0,0.0,996
5,3,2,2,83,6,1.0,0.0,0.0,1
5,4,2,0,71,7,1.0,0.0,0.0,996
5,5,2,0,67,6,1.0,0.0,0.0,996
5,6,2,0,60,5,1.0,0.0,0.0,996
5,7,2,3,86,7,0.0,1.0,0.0,1
5,8,2,2,100,6,1.0,0.0,0.0,0
5,9,2,1,100,6,1.0,0.0,0.0,996
5,10,2,0,67,6,1.0,0.0,0.0,3
5,11,2,0,71,7,1.0,0.0,0.0,3
5,12,2,2,67,6,1.0,0.0,0.0,996
5,13,2,0,67,6,1.0,0.0,0.0,1
5,14,2,2,67,6,1.0,0.0,0.0,996
5,15,2,2,67,6,1.0,0.0,0.0,996
5,16,2,3,83,6,0.0,1.0,0.0,996
5,17,2,0,100,6,1.0,0.0,0.0,996
5,18,2,3,50,6,0.0,1.0,0.0,2
5,1,3,1,80,5,0.5,0.0,0.5,996
5,2,3,2,100,5,0.5,0.0,0.5,996
5,3,3,1,86,7,1.0,0.0,0.0,996
5,4,3,0,71,7,0.5,0.0,0.5,996
5,5,3,0,60,5,0.5,0.0,0.5,996
5,6,3,0,60,5,0.5,0.5,0.0,3
5,7,3,1,86,7,0.5,0.5,0.0,996
5,8,3,0,67,6,1.0,0.0,0.0,996
5,9,3,1,86,7,0.5,0.0,0.5,996
5,10,3,3,83,6,1.0,0.0,0.0,996
5,11,3,3,86,7,1.0,0.0,0.0,996
5,12,3,2,67,6,0.5,0.5,0.0,996
5,13,3,1,100,5,1.0,0.0,0.0,996
5,14,3,2,80,5,0.5,0.5,0.0,996
5,15,3,2,60,5,0.5,0.5,0.0,3
5,16,3,3,100,6,0.0,1.0,0.0,996
5,17,3,0,100,6,0.5,0.0,0.5,996
5,18,3,2,62,8,0.5,0.5,0.0,996
5,1,4,1,83,6,0.33,0.0,0.67,996
5,2,4,2,100,6,0.33,0.0,0.67,996
5,3,4,1,83,6,0.67,0.33,0.0,996
5,4,4,0,86,7,0.33,0.33,0.33,996
5,5,4,0,67,3,0.33,0.0,0.67,3
5,6,4,3,100,5,0.67,0.33,0.0,996
5,7,4,1,100,7,0.33,0.67,0.0,996
5,8,4,0,100,6,0.67,0.33,0.0,996
5,9,4,1,100,7,0.33,0.33,0.33,996
5,10,4,3,100,7,0.67,0.33,0.0,996
5,11,4,3,100,9,0.67,0.33,0.0,996
5,12,4,2,100,7,0.33,0.67,0.0,996
5,13,4,1,100,5,0.67,0.0,0.33,996
5,14,4,2,100,5,0.33,0.67,0.0,996
5,15,4,3,80,5,0.67,0.33,0.0,996
5,16,4,3,83,6,0.0,0.67,0.33,996
5,17,4,0,100,8,0.33,0.0,0.67,996
5,18,4,2,100,7,0.33,0.67,0.0,996
5,1,5,1,83,6,0.25,0.0,0.75,996
5,2,5,2,100,7,0.25,0.0,0.75,996
5,3,5,1,83,6,0.5,0.5,0.0,996
5,4,5,0,100,7,0.25,0.5,0.25,996
5,5,5,3,100,3,0.5,0.0,0.5,0
5,6,5,3,100,5,0.5,0.25,0.25,996
5,7,5,1,100,7,0.25,0.5,0.25,996
5,8,5,0,100,7,0.5,0.25,0.25,3
5,9,5,1,100,7,0.25,0.25,0.5,996
5,10,5,3,100,7,0.5,0.25,0.25,996
5,11,5,3,100,8,0.5,0.25,0.25,996
5,12,5,2,100,7,0.25,0.5,0.25,996
5,13,5,1,100,5,0.5,0.0,0.5,996
5,14,5,2,100,6,0.25,0.5,0.25,1
5,15,5,3,100,4,0.5,0.25,0.25,996
5,16,5,3,100,5,0.0,0.75,0.25,996
5,17,5,0,100,8,0.25,0.0,0.75,996
5,18,5,2,100,7,0.25,0.5,0.25,996
5,1,6,1,100,6,0.2,0.2,0.6,996
5,2,6,2,100,7,0.2,0.0,0.8,996
5,3,6,1,100,6,0.4,0.6,0.0,996
5,4,6,0,86,7,0.2,0.6,0.2,996
5,5,6,0,75,4,0.6,0.0,0.4,1
5,6,6,3,75,4,0.4,0.2,0.4,0
5,7,6,1,100,7,0.2,0.4,0.4,996
5,8,6,3,57,7,0.6,0.2,0.2,996
5,9,6,1,86,7,0.2,0.2,0.6,0
5,10,6,3,86,7,0.4,0.2,0.4,996
5,11,6,3,88,8,0.4,0.2,0.4,0
5,12,6,2,100,8,0.2,0.4,0.4,996
5,13,6,1,80,5,0.4,0.0,0.6,0
5,14,6,1,67,6,0.4,0.4,0.2,2
5,15,6,3,100,4,0.4,0.2,0.4,996
5,16,6,3,100,5,0.0,0.6,0.4,996
5,17,6,0,100,9,0.2,0.0,0.8,996
5,18,6,2,100,7,0.2,0.4,0.4,996
5,1,7,1,86,7,0.17,0.17,0.67,996
5,2,7,2,100,7,0.17,0.0,0.83,0
5,3,7,1,100,6,0.33,0.5,0.17,996
5,4,7,0,86,7,0.17,0.67,0.17,996
5,5,7,1,50,4,0.67,0.0,0.33,996
5,6,7,0,33,3,0.5,0.17,0.33,2
5,7,7,1,83,6,0.17,0.33,0.5,996
5,8,7,3,100,6,0.5,0.33,0.17,996
5,9,7,0,71,7,0.33,0.17,0.5,1
5,10,7,3,100,7,0.33,0.33,0.33,996
5,11,7,0,75,8,0.5,0.17,0.33,3
5,12,7,2,100,8,0.17,0.33,0.5,996
5,13,7,0,83,6,0.5,0.0,0.5,1
5,14,7,2,100,6,0.5,0.33,0.17,996
5,15,7,3,100,4,0.33,0.17,0.5,1
5,16,7,3,100,5,0.0,0.5,0.5,996
5,17,7,0,100,9,0.17,0.0,0.83,996
5,18,7,2,100,8,0.17,0.5,0.33,996
5,1,8,1,100,7,0.14,0.29,0.57,996
5,2,8,0,80,5,0.29,0.0,0.71,2
5,3,8,1,88,8,0.29,0.43,0.29,996
5,4,8,0,100,7,0.14,0.71,0.14,996
5,5,8,1,67,3,0.57,0.14,0.29,996
5,6,8,2,100,3,0.57,0.14,0.29,996
5,7,8,1,100,6,0.14,0.43,0.43,996
5,8,8,3,86,7,0.43,0.29,0.29,996
5,9,8,1,83,6,0.43,0.14,0.43,0
5,10,8,3,100,7,0.29,0.43,0.29,996
5,11,8,3,88,8,0.57,0.14,0.29,996
5,12,8,2,100,8,0.14,0.29,0.57,996
5,13,8,1,100,6,0.57,0.0,0.43,996
5,14,8,2,100,6,0.43,0.29,0.29,0
5,15,8,1,75,4,0.43,0.14,0.43,996
5,16,8,3,100,6,0.0,0.43,0.57,996
5,17,8,0,89,9,0.14,0.0,0.86,996
5,18,8,2,100,8,0.14,0.57,0.29,996
5,1,9,1,100,7,0.12,0.25,0.62,996
5,2,9,2,100,4,0.38,0.0,0.62,996
5,3,9,1,100,6,0.25,0.5,0.25,996
5,4,9,0,100,8,0.12,0.75,0.12,996
5,5,9,1,100,2,0.5,0.12,0.38,996
5,6,9,2,100,4,0.5,0.12,0.38,996
5,7,9,1,100,7,0.12,0.38,0.5,996
5,8,9,3,100,6,0.38,0.25,0.38,996
5,9,9,0,83,6,0.5,0.12,0.38,996
5,10,9,3,100,7,0.25,0.5,0.25,996
5,11,9,3,100,9,0.5,0.25,0.25,996
5,12,9,2,100,9,0.12,0.25,0.62,996
5,13,9,1,100,6,0.5,0.0,0.5,996
5,14,9,0,60,5,0.5,0.25,0.25,2
5,15,9,1,100,4,0.38,0.25,0.38,996
5,16,9,3,100,6,0.0,0.38,0.62,996
5,17,9,0,90,10,0.12,0.12,0.75,996
5,18,9,2,100,8,0.12,0.62,0.25,996
5,1,10,1,100,7,0.11,0.22,0.67,996
5,2,10,2,100,5,0.33,0.0,0.67,996
5,3,10,1,100,7,0.22,0.44,0.33,996
5,4,10,0,100,7,0.11,0.78,0.11,996
5,5,10,1,100,2,0.44,0.11,0.44,996
5,6,10,2,100,5,0.44,0.11,0.44,996
5,7,10,1,100,7,0.11,0.33,0.56,996
5,8,10,3,100,6,0.33,0.22,0.44,996
5,9,10,0,100,6,0.44,0.22,0.33,996
5,10,10,3,100,7,0.22,0.56,0.22,996
5,11,10,3,100,9,0.44,0.22,0.33,996
5,12,10,2,100,8,0.11,0.22,0.67,996
5,13,10,1,100,6,0.44,0.0,0.56,996
5,14,10,2,75,4,0.56,0.22,0.22,996
5,15,10,1,100,4,0.33,0.22,0.44,996
5,16,10,3,100,7,0.0,0.33,0.67,996
5,17,10,0,100,9,0.11,0.22,0.67,996
5,18,10,2,88,8,0.11,0.67,0.22,996
5,1,11,1,100,6,0.1,0.2,0.7,996
5,2,11,2,100,5,0.3,0.0,0.7,996
5,3,11,1,100,7,0.2,0.4,0.4,996
5,4,11,0,100,7,0.1,0.8,0.1,996
5,5,11,1,100,2,0.4,0.2,0.4,996
5,6,11,2,100,5,0.4,0.1,0.5,996
5,7,11,1,100,7,0.1,0.3,0.6,0
5,8,11,3,83,6,0.3,0.3,0.4,2
5,9,11,0,100,6,0.4,0.2,0.4,996
5,10,11,3,100,7,0.2,0.6,0.2,996
5,11,11,3,100,9,0.4,0.2,0.4,996
5,12,11,2,89,9,0.1,0.2,0.7,996
5,13,11,1,100,6,0.4,0.0,0.6,996
5,14,11,2,75,4,0.5,0.3,0.2,996
5,15,11,1,100,5,0.3,0.2,0.5,996
5,16,11,3,88,8,0.0,0.3,0.7,996
5,17,11,0,100,10,0.1,0.2,0.7,996
5,18,11,2,100,7,0.1,0.7,0.2,996
5,1,12,1,100,6,0.09,0.27,0.64,996
5,2,12,2,100,6,0.27,0.0,0.73,996
5,3,12,1,100,7,0.18,0.36,0.45,996
5,4,12,0,100,7,0.09,0.82,0.09,996
5,5,12,1,100,3,0.36,0.18,0.45,996
5,6,12,2,100,5,0.36,0.09,0.55,996
5,7,12,0,100,6,0.18,0.27,0.55,996
5,8,12,2,80,5,0.36,0.27,0.36,996
5,9,12,0,100,8,0.36,0.18,0.45,996
5,10,12,3,100,7,0.18,0.64,0.18,996
5,11,12,3,100,9,0.36,0.18,0.45,996
5,12,12,2,88,8,0.09,0.27,0.64,996
5,13,12,1,86,7,0.36,0.0,0.64,0
5,14,12,2,100,4,0.45,0.36,0.18,996
5,15,12,1,80,5,0.27,0.27,0.45,996
5,16,12,3,100,9,0.0,0.36,0.64,996
5,17,12,0,100,9,0.09,0.18,0.73,996
5,18,12,2,100,7,0.09,0.64,0.27,996
6,1,1,3,0,6,0.0,0.0,0.0,996
6,2,1,3,0,6,0.0,0.0,0.0,996
6,3,1,3,0,6,0.0,0.0,0.0,996
6,4,1,3,0,6,0.0,0.0,0.0,2
6,5,1,3,0,6,0.0,0.0,0.0,996
6,6,1,3,0,6,0.0,0.0,0.0,1
6,7,1,3,0,6,0.0,0.0,0.0,0
6,8,1,3,0,6,0.0,0.0,0.0,2
6,9,1,3,0,6,0.0,0.0,0.0,996
6,10,1,3,0,6,0.0,0.0,0.0,2
6,11,1,3,0,6,0.0,0.0,0.0,0
6,12,1,3,0,6,0.0,0.0,0.0,1
6,13,1,3,0,6,0.0,0.0,0.0,0
6,14,1,3,0,6,0.0,0.0,0.0,996
6,15,1,3,0,6,0.0,0.0,0.0,996
6,16,1,3,0,6,0.0,0.0,0.0,1
6,17,1,3,0,6,0.0,0.0,0.0,0
6,18,1,3,0,6,0.0,0.0,0.0,2
6,19,1,3,0,6,0.0,0.0,0.0,996
6,20,1,3,0,6,0.0,0.0,0.0,1
6,21,1,3,0,6,0.0,0.0,0.0,0
6,22,1,3,0,6,0.0,0.0,0.0,996
6,23,1,3,0,6,0.0,0.0,0.0,1
6,24,1,3,0,6,0.0,0.0,0.0,996
6,25,1,3,0,6,0.0,0.0,0.0,2
6,1,2,3,50,6,0.0,0.0,1.0,996
6,2,2,3,33,6,0.0,0.0,1.0,996
6,3,2,3,50,6,0.0,0.0,1.0,996
6,4,2,2,100,6,1.0,0.0,0.0,996
6,5,2,3,57,7,0.0,0.0,1.0,996
6,6,2,1,100,6,1.0,0.0,0.0,996
6,7,2,0,100,6,1.0,0.0,0.0,996
6,8,2,2,83,6,1.0,0.0,0.0,996
6,9,2,3,100,6,0.0,0.0,1.0,1
6,10,2,2,83,6,1.0,0.0,0.0,996
6,11,2,0,80,5,1.0,0.0,0.0,996
6,12,2,1,100,6,1.0,0.0,0.0,996
6,13,2,0,83,6,1.0,0.0,0.0,996
6,14,2,3,67,6,0.0,1.0,0.0,996
6,15,2,3,83,6,0.0,0.0,1.0,2
6,16,2,1,100,6,1.0,0.0,0.0,996
6,17,2,0,100,6,1.0,0.0,0.0,996
6,18,2,2,100,6,1.0,0.0,0.0,996
6,19,2,3,83,6,0.0,0.0,1.0,996
6,20,2,1,83,6,1.0,0.0,0.0,996
6,21,2,0,100,6,1.0,0.0,0.0,996
6,22,2,3,67,6,0.0,0.0,1.0,996
6,23,2,1,83,6,1.0,0.0,0.0,996
6,24,2,3,50,6,1.0,0.0,0.0,0
6,25,2,2,100,6,1.0,0.0,0.0,996
6,1,3,3,71,7,0.0,0.0,1.0,996
6,2,3,3,50,6,0.0,0.0,1.0,1
6,3,3,3,40,5,0.0,0.0,1.0,1
6,4,3,2,100,7,0.5,0.5,0.0,996
6,5,3,3,57,7,0.0,0.0,1.0,1
6,6,3,1,75,8,0.5,0.0,0.5,996
6,7,3,0,100,7,0.5,0.0,0.5,996
6,8,3,2,100,6,0.5,0.5,0.0,996
6,9,3,1,67,6,0.5,0.0,0.5,996
6,10,3,2,100,6,0.5,0.5,0.0,996
6,11,3,0,100,5,0.5,0.5,0.0,3
6,12,3,1,86,7,0.5,0.0,0.5,996
6,13,3,0,100,6,0.5,0.5,0.0,996
6,14,3,3,83,6,0.0,1.0,0.0,996
6,15,3,2,80,5,0.5,0.0,0.5,996
6,16,3,1,100,6,0.5,0.0,0.5,996
6,17,3,0,100,6,0.5,0.0,0.5,996
6,18,3,2,83,6,0.5,0.0,0.5,996
6,19,3,3,100,5,0.0,0.0,1.0,996
6,20,3,1,100,5,0.5,0.0,0.5,996
6,21,3,0,86,7,0.5,0.0,0.5,996
6,22,3,3,100,7,0.0,0.5,0.5,996
6,23,3,1,83,6,0.5,0.5,0.0,996
6,24,3,0,83,6,1.0,0.0,0.0,996
6,25,3,2,100,6,0.5,0.0,0.5,996
6,1,4,3,100,8,0.0,0.33,0.67,996
6,2,4,1,50,4,0.33,0.0,0.67,3
6,3,4,1,50,6,0.33,0.0,0.67,996
6,4,4,2,100,7,0.33,0.67,0.0,996
6,5,4,1,43,7,0.33,0.0,0.67,3
6,6,4,1,57,7,0.33,0.0,0.67,0
6,7,4,0,100,8,0.33,0.0,0.67,996
6,8,4,2,100,7,0.33,0.33,0.33,996
6,9,4,1,80,5,0.33,0.0,0.67,996
6,10,4,2,100,6,0.33,0.33,0.33,996
6,11,4,3,100,5,0.67,0.33,0.0,996
6,12,4,1,100,7,0.33,0.33,0.33,996
6,13,4,0,100,6,0.33,0.33,0.33,996
6,14,4,3,100,6,0.0,1.0,0.0,996
6,15,4,2,100,4,0.33,0.0,0.67,996
6,16,4,1,100,7,0.33,0.0,0.67,996
6,17,4,0,100,6,0.33,0.0,0.67,996
6,18,4,2,100,7,0.33,0.33,0.33,996
6,19,4,3,100,5,0.0,0.0,1.0,996
6,20,4,1,100,6,0.33,0.0,0.67,996
6,21,4,0,100,7,0.33,0.33,0.33,996
6,22,4,3,100,7,0.0,0.33,0.67,996
6,23,4,1,83,6,0.33,0.67,0.0,996
6,24,4,0,100,6,0.67,0.33,0.0,996
6,25,4,2,100,6,0.33,0.0,0.67,996
6,1,5,3,100,8,0.0,0.25,0.75,996
6,2,5,3,75,4,0.5,0.0,0.5,996
6,3,5,1,100,7,0.25,0.25,0.5,996
6,4,5,2,100,7,0.25,0.75,0.0,996
6,5,5,3,71,7,0.5,0.0,0.5,996
6,6,5,0,83,6,0.5,0.0,0.5,996
6,7,5,0,88,8,0.25,0.0,0.75,996
6,8,5,2,100,7,0.25,0.25,0.5,996
6,9,5,1,100,5,0.25,0.0,0.75,996
6,10,5,2,100,6,0.25,0.25,0.5,996
6,11,5,3,80,5,0.5,0.5,0.0,0
6,12,5,1,100,5,0.25,0.25,0.5,996
6,13,5,0,100,6,0.25,0.5,0.25,996
6,14,5,3,100,6,0.0,0.75,0.25,996
6,15,5,2,100,5,0.25,0.0,0.75,996
6,16,5,1,100,7,0.25,0.0,0.75,996
6,17,5,0,100,6,0.25,0.0,0.75,996
6,18,5,2,100,6,0.25,0.25,0.5,996
6,19,5,3,100,6,0.0,0.0,1.0,996
6,20,5,1,100,6,0.25,0.25,0.5,996
6,21,5,0,100,7,0.25,0.25,0.5,996
6,22,5,3,100,7,0.0,0.25,0.75,996
6,23,5,1,100,6,0.25,0.5,0.25,996
6,24,5,0,100,7,0.5,0.25,0.25,996
6,25,5,2,100,6,0.25,0.0,0.75,996
7,1,1,3,0,6,0.0,0.0,0.0,996
7,2,1,3,0,6,0.0,0.0,0.0,996
7,3,1,3,0,6,0.0,0.0,0.0,2
7,4,1,3,0,6,0.0,0.0,0.0,996
7,5,1,3,0,6,0.0,0.0,0.0,996
7,6,1,3,0,6,0.0,0.0,0.0,1
7,7,1,3,0,6,0.0,0.0,0.0,996
7,8,1,3,0,6,0.0,0.0,0.0,0
7,9,1,3,0,6,0.0,0.0,0.0,996
7,10,1,3,0,6,0.0,0.0,0.0,1
7,11,1,3,0,6,0.0,0.0,0.0,1
7,12,1,3,0,6,0.0,0.0,0.0,996
7,13,1,3,0,6,0.0,0.0,0.0,996
7,14,1,3,0,6,0.0,0.0,0.0,1
7,15,1,3,0,6,0.0,0.0,0.0,996
7,16,1,3,0,6,0.0,0.0,0.0,996
7,17,1,3,0,6,0.0,0.0,0.0,0
7,18,1,3,0,6,0.0,0.0,0.0,2
7,19,1,3,0,6,0.0,0.0,0.0,1
7,20,1,3,0,6,0.0,0.0,0.0,996
7,21,1,3,0,6,0.0,0.0,0.0,2
7,22,1,3,0,6,0.0,0.0,0.0,996
7,23,1,3,0,6,0.0,0.0,0.0,1
7,24,1,3,0,6,0.0,0.0,0.0,0
7,25,1,3,0,6,0.0,0.0,0.0,2
7,26,1,3,0,6,0.0,0.0,0.0,2
7,1,2,3,67,6,0.0,0.0,1.0,996
7,2,2,3,50,6,0.0,0.0,1.0,996
7,3,2,2,83,6,1.0,0.0,0.0,996
7,4,2,3,33,6,0.0,1.0,0.0,1
7,5,2,3,50,6,0.0,0.0,1.0,0
7,6,2,1,100,5,1.0,0.0,0.0,996
7,7,2,3,50,6,0.0,0.0,1.0,0
7,8,2,0,100,6,1.0,0.0,0.0,996
7,9,2,3,67,6,0.0,0.0,1.0,1
7,10,2,1,83,6,1.0,0.0,0.0,996
7,11,2,1,67,6,1.0,0.0,0.0,996
7,12,2,3,50,6,0.0,0.0,1.0,0
7,13,2,3,50,6,0.0,0.0,1.0,996
7,14,2,1,83,6,1.0,0.0,0.0,996
7,15,2,3,50,6,1.0,0.0,0.0,1
7,16,2,3,67,6,0.0,0.0,1.0,996
7,17,2,0,100,6,1.0,0.0,0.0,996
7,18,2,2,83,6,1.0,0.0,0.0,996
7,19,2,1,100,6,1.0,0.0,0.0,996
7,20,2,3,83,6,0.0,0.0,1.0,996
7,21,2,2,83,6,1.0,0.0,0.0,996
7,22,2,3,83,6,1.0,0.0,0.0,996
7,23,2,1,100,6,1.0,0.0,0.0,996
7,24,2,0,100,6,1.0,0.0,0.0,2
7,25,2,2,86,7,1.0,0.0,0.0,996
7,26,2,2,67,6,1.0,0.0,0.0,996
7,1,3,3,86,7,0.0,0.0,1.0,996
7,2,3,3,83,6,0.0,0.0,1.0,996
7,3,3,2,100,8,0.5,0.5,0.0,996
7,4,3,1,100,6,0.5,0.5,0.0,996
7,5,3,0,67,6,0.5,0.0,0.5,996
7,6,3,1,80,5,0.5,0.0,0.5,3
7,7,3,0,67,6,0.5,0.0,0.5,2
7,8,3,0,67,6,0.5,0.5,0.0,996
7,9,3,1,50,6,0.5,0.0,0.5,996
7,10,3,1,83,6,0.5,0.5,0.0,996
7,11,3,1,60,5,0.5,0.0,0.5,2
7,12,3,0,100,5,0.5,0.0,0.5,996
7,13,3,3,83,6,0.0,0.5,0.5,2
7,14,3,1,67,6,0.5,0.5,0.0,996
7,15,3,1,83,6,1.0,0.0,0.0,2
7,16,3,3,83,6,0.0,0.0,1.0,996
7,17,3,0,100,8,0.5,0.0,0.5,996
7,18,3,2,100,6,0.5,0.5,0.0,996
7,19,3,1,100,6,0.5,0.0,0.5,996
7,20,3,3,100,5,0.0,0.0,1.0,996
7,21,3,2,80,5,0.5,0.0,0.5,0
7,22,3,3,100,7,0.5,0.5,0.0,996
7,23,3,1,100,6,0.5,0.0,0.5,0
7,24,3,2,57,7,1.0,0.0,0.0,996
7,25,3,2,86,7,0.5,0.5,0.0,996
7,26,3,2,80,5,0.5,0.5,0.0,996
7,1,4,3,100,8,0.0,0.33,0.67,996
7,2,4,3,100,6,0.0,0.0,1.0,996
7,3,4,2,100,8,0.33,0.33,0.33,996
7,4,4,1,100,6,0.33,0.33,0.33,996
7,5,4,0,83,6,0.33,0.33,0.33,996
7,6,4,3,100,5,0.67,0.0,0.33,996
7,7,4,2,83,6,0.67,0.0,0.33,996
7,8,4,0,86,7,0.33,0.33,0.33,996
7,9,4,1,100,5,0.33,0.0,0.67,996
7,10,4,1,100,7,0.33,0.67,0.0,996
7,11,4,2,75,4,0.67,0.0,0.33,996
7,12,4,0,100,6,0.33,0.0,0.67,996
7,13,4,2,60,5,0.33,0.33,0.33,3
7,14,4,1,100,6,0.33,0.67,0.0,996
7,15,4,2,57,7,1.0,0.0,0.0,3
7,16,4,3,100,6,0.0,0.33,0.67,996
7,17,4,0,100,8,0.33,0.0,0.67,996
7,18,4,2,86,7,0.33,0.33,0.33,996
7,19,4,1,100,6,0.33,0.0,0.67,996
7,20,4,3,100,5,0.0,0.0,1.0,996
7,21,4,0,80,5,0.67,0.0,0.33,996
7,22,4,3,100,7,0.33,0.33,0.33,996
7,23,4,0,83,6,0.67,0.0,0.33,996
7,24,4,2,83,6,0.67,0.33,0.0,996
7,25,4,2,100,7,0.33,0.67,0.0,996
7,26,4,2,80,5,0.33,0.67,0.0,1
7,1,5,3,100,8,0.0,0.25,0.75,996
7,2,5,3,100,6,0.0,0.0,1.0,996
7,3,5,2,100,7,0.25,0.25,0.5,996
7,4,5,1,86,7,0.25,0.5,0.25,996
7,5,5,0,83,6,0.25,0.25,0.5,996
7,6,5,3,100,7,0.5,0.0,0.5,996
7,7,5,2,100,6,0.5,0.25,0.25,996
7,8,5,0,67,6,0.25,0.5,0.25,1
7,9,5,1,83,6,0.25,0.25,0.5,996
7,10,5,1,100,8,0.25,0.5,0.25,996
7,11,5,2,100,4,0.5,0.25,0.25,996
7,12,5,0,100,6,0.25,0.0,0.75,996
7,13,5,3,80,5,0.5,0.25,0.25,996
7,14,5,1,100,6,0.25,0.5,0.25,996
7,15,5,3,67,6,1.0,0.0,0.0,996
7,16,5,3,83,6,0.0,0.25,0.75,996
7,17,5,0,100,8,0.25,0.0,0.75,996
7,18,5,2,100,7,0.25,0.5,0.25,996
7,19,5,1,100,6,0.25,0.25,0.5,996
7,20,5,3,100,6,0.0,0.0,1.0,996
7,21,5,0,75,4,0.5,0.0,0.5,1
7,22,5,3,100,8,0.25,0.25,0.5,996
7,23,5,0,100,5,0.5,0.25,0.25,996
7,24,5,2,100,6,0.5,0.5,0.0,996
7,25,5,2,100,6,0.25,0.5,0.25,996
7,26,5,1,100,4,0.5,0.5,0.0,996
7,1,6,3,100,8,0.0,0.2,0.8,996
7,2,6,3,100,8,0.0,0.0,1.0,996
7,3,6,2,100,8,0.2,0.2,0.6,996
7,4,6,1,100,8,0.2,0.6,0.2,996
7,5,6,0,100,6,0.2,0.4,0.4,996
7,6,6,3,100,7,0.4,0.0,0.6,996
7,7,6,2,100,6,0.4,0.2,0.4,996
7,8,6,1,80,5,0.4,0.4,0.2,996
7,9,6,1,100,6,0.2,0.4,0.4,996
7,10,6,1,100,8,0.2,0.4,0.4,996
7,11,6,2,100,5,0.4,0.2,0.4,996
7,12,6,0,100,7,0.2,0.0,0.8,996
7,13,6,3,100,5,0.4,0.4,0.2,996
7,14,6,1,100,6,0.2,0.4,0.4,996
7,15,6,3,100,5,0.8,0.2,0.0,996
7,16,6,3,100,5,0.0,0.4,0.6,996
7,17,6,0,100,8,0.2,0.0,0.8,996
7,18,6,2,100,8,0.2,0.4,0.4,996
7,19,6,1,100,6,0.2,0.4,0.4,996
7,20,6,3,100,8,0.0,0.2,0.8,996
7,21,6,1,67,3,0.6,0.0,0.4,2
7,22,6,3,100,7,0.2,0.2,0.6,996
7,23,6,0,100,5,0.4,0.2,0.4,996
7,24,6,2,100,6,0.4,0.6,0.0,996
7,25,6,2,100,6,0.2,0.4,0.4,996
7,26,6,1,100,4,0.4,0.4,0.2,996
7,1,7,3,100,8,0.0,0.17,0.83,996
7,2,7,3,100,8,0.0,0.0,1.0,996
7,3,7,2,100,8,0.17,0.17,0.67,996
7,4,7,1,100,8,0.17,0.5,0.33,996
7,5,7,0,100,8,0.17,0.33,0.5,996
7,6,7,3,100,7,0.33,0.0,0.67,996
7,7,7,2,100,6,0.33,0.17,0.5,996
7,8,7,1,100,5,0.33,0.5,0.17,996
7,9,7,1,100,6,0.17,0.33,0.5,996
7,10,7,1,100,8,0.17,0.33,0.5,996
7,11,7,2,100,5,0.33,0.33,0.33,996
7,12,7,0,100,7,0.17,0.0,0.83,996
7,13,7,3,100,5,0.33,0.33,0.33,996
7,14,7,1,100,6,0.17,0.33,0.5,996
7,15,7,3,100,5,0.67,0.17,0.17,996
7,16,7,3,100,5,0.0,0.33,0.67,996
7,17,7,0,100,8,0.17,0.0,0.83,996
7,18,7,2,100,8,0.17,0.33,0.5,996
7,19,7,1,100,6,0.17,0.33,0.5,996
7,20,7,3,100,8,0.0,0.17,0.83,996
7,21,7,2,50,2,0.67,0.0,0.33,1
7,22,7,3,100,6,0.17,0.17,0.67,996
7,23,7,0,100,5,0.33,0.17,0.5,996
7,24,7,2,83,6,0.33,0.5,0.17,996
7,25,7,2,100,6,0.17,0.33,0.5,996
7,26,7,1,100,4,0.33,0.33,0.33,996
8,1,1,3,0,6,0.0,0.0,0.0,996
8,2,1,3,0,6,0.0,0.0,0.0,2
8,3,1,3,0,6,0.0,0.0,0.0,996
8,4,1,3,0,6,0.0,0.0,0.0,0
8,5,1,3,0,6,0.0,0.0,0.0,1
8,6,1,3,0,6,0.0,0.0,0.0,2
8,7,1,3,0,6,0.0,0.0,0.0,2
8,8,1,3,0,6,0.0,0.0,0.0,0
8,9,1,3,0,6,0.0,0.0,0.0,1
8,10,1,3,0,6,0.0,0.0,0.0,996
8,11,1,3,0,6,0.0,0.0,0.0,0
8,12,1,3,0,6,0.0,0.0,0.0,0
8,13,1,3,0,6,0.0,0.0,0.0,2
8,14,1,3,0,6,0.0,0.0,0.0,1
8,15,1,3,0,6,0.0,0.0,0.0,0
8,16,1,3,0,6,0.0,0.0,0.0,2
8,17,1,3,0,6,0.0,0.0,0.0,996
8,18,1,3,0,6,0.0,0.0,0.0,2
8,19,1,3,0,6,0.0,0.0,0.0,1
8,20,1,3,0,6,0.0,0.0,0.0,1
8,21,1,3,0,6,0.0,0.0,0.0,1
8,22,1,3,0,6,0.0,0.0,0.0,996
8,1,2,3,67,6,0.0,0.0,1.0,2
8,2,2,2,100,6,1.0,0.0,0.0,3
8,3,2,3,67,6,0.0,0.0,1.0,996
8,4,2,0,100,6,1.0,0.0,0.0,996
8,5,2,1,100,6,1.0,0.0,0.0,996
8,6,2,2,83,6,1.0,0.0,0.0,996
8,7,2,2,83,6,1.0,0.0,0.0,996
8,8,2,0,83,6,1.0,0.0,0.0,996
8,9,2,1,100,6,1.0,0.0,0.0,996
8,10,2,3,100,6,0.0,0.0,1.0,996
8,11,2,0,67,6,1.0,0.0,0.0,996
8,12,2,0,67,6,1.0,0.0,0.0,996
8,13,2,2,83,6,1.0,0.0,0.0,996
8,14,2,1,100,6,1.0,0.0,0.0,996
8,15,2,0,83,6,1.0,0.0,0.0,996
8,16,2,2,67,6,1.0,0.0,0.0,996
8,17,2,3,100,6,0.0,0.0,1.0,996
8,18,2,2,83,6,1.0,0.0,0.0,996
8,19,2,1,67,6,1.0,0.0,0.0,0
8,20,2,1,67,6,1.0,0.0,0.0,2
8,21,2,1,67,6,1.0,0.0,0.0,2
8,22,2,3,67,6,0.0,0.0,1.0,996
8,1,3,2,67,6,0.5,0.0,0.5,3
8,2,3,3,67,6,1.0,0.0,0.0,2
8,3,3,3,67,6,0.0,0.0,1.0,996
8,4,3,0,100,6,0.5,0.0,0.5,996
8,5,3,1,100,6,0.5,0.0,0.5,996
8,6,3,2,100,6,0.5,0.0,0.5,996
8,7,3,2,100,6,0.5,0.5,0.0,996
8,8,3,0,100,6,0.5,0.5,0.0,996
8,9,3,1,100,6,0.5,0.0,0.5,996
8,10,3,3,100,6,0.0,0.0,1.0,996
8,11,3,0,100,5,0.5,0.5,0.0,996
8,12,3,0,100,4,0.5,0.5,0.0,996
8,13,3,2,83,6,0.5,0.0,0.5,996
8,14,3,1,100,5,0.5,0.0,0.5,996
8,15,3,0,100,6,0.5,0.5,0.0,996
8,16,3,2,67,6,0.5,0.0,0.5,996
8,17,3,3,100,7,0.0,0.0,1.0,996
8,18,3,2,57,7,0.5,0.0,0.5,3
8,19,3,0,100,6,1.0,0.0,0.0,996
8,20,3,2,57,7,1.0,0.0,0.0,1
8,21,3,2,50,6,1.0,0.0,0.0,996
8,22,3,3,71,7,0.0,0.0,1.0,996
8,1,4,3,67,6,0.67,0.0,0.33,996
8,2,4,2,83,6,1.0,0.0,0.0,3
8,3,4,3,60,5,0.0,0.0,1.0,996
8,4,4,0,100,6,0.33,0.0,0.67,996
8,5,4,1,100,6,0.33,0.0,0.67,996
8,6,4,2,100,6,0.33,0.33,0.33,996
8,7,4,2,100,6,0.33,0.33,0.33,996
8,8,4,0,100,6,0.33,0.33,0.33,996
8,9,4,1,100,6,0.33,0.0,0.67,996
8,10,4,3,100,6,0.0,0.0,1.0,996
8,11,4,0,100,6,0.33,0.33,0.33,996
8,12,4,0,100,5,0.33,0.33,0.33,996
8,13,4,2,100,5,0.33,0.0,0.67,996
8,14,4,1,100,5,0.33,0.0,0.67,996
8,15,4,0,100,6,0.33,0.33,0.33,996
8,16,4,2,100,6,0.33,0.33,0.33,996
8,17,4,3,88,8,0.0,0.0,1.0,996
8,18,4,3,83,6,0.67,0.0,0.33,996
8,19,4,0,100,6,0.67,0.0,0.33,996
8,20,4,1,100,7,1.0,0.0,0.0,996
8,21,4,2,83,6,0.67,0.33,0.0,996
8,22,4,3,71,7,0.0,0.0,1.0,996
8,1,5,3,67,6,0.5,0.25,0.25,996
8,2,5,3,50,6,1.0,0.0,0.0,996
8,3,5,3,60,5,0.0,0.25,0.75,996
8,4,5,0,100,6,0.25,0.0,0.75,996
8,5,5,1,100,6,0.25,0.0,0.75,996
8,6,5,2,100,6,0.25,0.5,0.25,996
8,7,5,2,100,7,0.25,0.25,0.5,996
8,8,5,0,100,6,0.25,0.25,0.5,996
8,9,5,1,100,6,0.25,0.0,0.75,996
8,10,5,3,100,6,0.0,0.0,1.0,996
8,11,5,0,100,6,0.25,0.25,0.5,996
8,12,5,0,100,5,0.25,0.25,0.5,996
8,13,5,2,100,5,0.25,0.0,0.75,996
8,14,5,1,100,6,0.25,0.0,0.75,996
8,15,5,0,100,6,0.25,0.25,0.5,996
8,16,5,2,100,6,0.25,0.25,0.5,996
8,17,5,3,86,7,0.0,0.0,1.0,996
8,18,5,3,83,6,0.5,0.0,0.5,2
8,19,5,0,100,6,0.5,0.0,0.5,996
8,20,5,1,100,8,0.75,0.0,0.25,996
8,21,5,2,100,6,0.5,0.25,0.25,996
8,22,5,3,80,5,0.0,0.0,1.0,996
8,1,6,3,83,6,0.4,0.4,0.2,996
8,2,6,3,80,5,0.8,0.2,0.0,2
8,3,6,3,60,5,0.0,0.2,0.8,0
8,4,6,0,100,6,0.2,0.0,0.8,996
8,5,6,1,100,6,0.2,0.0,0.8,996
8,6,6,2,100,6,0.2,0.4,0.4,996
8,7,6,2,100,7,0.2,0.2,0.6,996
8,8,6,0,100,6,0.2,0.2,0.6,996
8,9,6,1,100,6,0.2,0.0,0.8,996
8,10,6,3,100,6,0.0,0.0,1.0,996
8,11,6,0,100,6,0.2,0.2,0.6,996
8,12,6,0,100,5,0.2,0.2,0.6,996
8,13,6,2,100,5,0.2,0.0,0.8,996
8,14,6,1,100,6,0.2,0.0,0.8,996
8,15,6,0,100,7,0.2,0.2,0.6,996
8,16,6,2,86,7,0.2,0.2,0.6,996
8,17,6,3,100,7,0.0,0.0,1.0,996
8,18,6,2,83,6,0.6,0.0,0.4,996
8,19,6,0,100,6,0.4,0.0,0.6,996
8,20,6,1,100,8,0.6,0.0,0.4,996
8,21,6,2,100,6,0.4,0.2,0.4,996
8,22,6,3,100,4,0.0,0.0,1.0,996
8,1,7,3,100,6,0.33,0.5,0.17,1
8,2,7,2,60,5,0.83,0.17,0.0,996
8,3,7,0,75,4,0.17,0.17,0.67,996
8,4,7,0,83,6,0.17,0.0,0.83,996
8,5,7,1,100,7,0.17,0.0,0.83,996
8,6,7,2,100,6,0.17,0.33,0.5,996
8,7,7,2,100,7,0.17,0.17,0.67,996
8,8,7,0,100,6,0.17,0.17,0.67,996
8,9,7,1,100,7,0.17,0.0,0.83,996
8,10,7,3,100,6,0.0,0.0,1.0,996
8,11,7,0,100,6,0.17,0.17,0.67,996
8,12,7,0,100,5,0.17,0.17,0.67,996
8,13,7,2,100,5,0.17,0.0,0.83,996
8,14,7,1,100,6,0.17,0.0,0.83,996
8,15,7,0,100,7,0.17,0.17,0.67,996
8,16,7,2,86,7,0.17,0.33,0.5,996
8,17,7,3,100,7,0.0,0.0,1.0,996
8,18,7,2,100,5,0.5,0.17,0.33,996
8,19,7,0,100,6,0.33,0.0,0.67,996
8,20,7,1,100,8,0.5,0.0,0.5,996
8,21,7,2,83,6,0.33,0.17,0.5,996
8,22,7,3,100,4,0.0,0.0,1.0,996
8,1,8,1,50,6,0.43,0.43,0.14,996
8,2,8,2,75,4,0.71,0.14,0.14,3
8,3,8,0,100,4,0.14,0.29,0.57,996
8,4,8,0,100,4,0.14,0.0,0.86,996
8,5,8,1,86,7,0.14,0.0,0.86,996
8,6,8,2,100,6,0.14,0.43,0.43,996
8,7,8,2,100,7,0.14,0.14,0.71,996
8,8,8,0,100,6,0.14,0.14,0.71,996
8,9,8,1,100,7,0.14,0.0,0.86,996
8,10,8,3,100,7,0.0,0.0,1.0,996
8,11,8,0,100,6,0.14,0.14,0.71,996
8,12,8,0,100,5,0.14,0.14,0.71,996
8,13,8,2,100,5,0.14,0.0,0.86,996
8,14,8,1,83,6,0.14,0.0,0.86,996
8,15,8,0,100,7,0.14,0.14,0.71,996
8,16,8,2,100,7,0.14,0.43,0.43,996
8,17,8,3,100,7,0.0,0.0,1.0,996
8,18,8,2,100,5,0.43,0.14,0.43,996
8,19,8,0,100,6,0.29,0.0,0.71,996
8,20,8,1,88,8,0.43,0.0,0.57,996
8,21,8,2,83,6,0.29,0.14,0.57,996
8,22,8,3,100,6,0.0,0.0,1.0,996
9,1,1,3,0,6,0.0,0.0,0.0,996
9,2,1,3,0,6,0.0,0.0,0.0,2
9,3,1,3,0,6,0.0,0.0,0.0,996
9,4,1,3,0,6,0.0,0.0,0.0,0
9,5,1,3,0,6,0.0,0.0,0.0,996
9,6,1,3,0,6,0.0,0.0,0.0,0
9,7,1,3,0,6,0.0,0.0,0.0,996
9,8,1,3,0,6,0.0,0.0,0.0,2
9,9,1,3,0,6,0.0,0.0,0.0,996
9,10,1,3,0,6,0.0,0.0,0.0,1
9,11,1,3,0,6,0.0,0.0,0.0,0
9,12,1,3,0,6,0.0,0.0,0.0,1
9,13,1,3,0,6,0.0,0.0,0.0,1
9,14,1,3,0,6,0.0,0.0,0.0,2
9,15,1,3,0,6,0.0,0.0,0.0,0
9,16,1,3,0,6,0.0,0.0,0.0,1
9,17,1,3,0,6,0.0,0.0,0.0,2
9,18,1,3,0,6,0.0,0.0,0.0,1
9,19,1,3,0,6,0.0,0.0,0.0,2
9,20,1,3,0,6,0.0,0.0,0.0,0
9,21,1,3,0,6,0.0,0.0,0.0,1
9,22,1,3,0,6,0.0,0.0,0.0,0
9,23,1,3,0,6,0.0,0.0,0.0,1
9,1,2,3,83,6,0.0,1.0,0.0,996
9,2,2,2,100,6,1.0,0.0,0.0,996
9,3,2,3,67,6,0.0,0.0,1.0,996
9,4,2,0,83,6,1.0,0.0,0.0,996
9,5,2,3,67,6,0.0,0.0,1.0,996
9,6,2,0,83,6,1.0,0.0,0.0,1
9,7,2,3,67,6,0.0,0.0,1.0,996
9,8,2,2,100,6,1.0,0.0,0.0,996
9,9,2,3,83,6,0.0,0.0,1.0,996
9,10,2,1,67,6,1.0,0.0,0.0,996
9,11,2,0,100,6,1.0,0.0,0.0,996
9,12,2,1,67,6,1.0,0.0,0.0,3
9,13,2,1,50,6,1.0,0.0,0.0,3
9,14,2,2,83,6,1.0,0.0,0.0,996
9,15,2,0,100,7,1.0,0.0,0.0,996
9,16,2,1,67,6,1.0,0.0,0.0,996
9,17,2,2,67,6,1.0,0.0,0.0,996
9,18,2,1,67,6,1.0,0.0,0.0,3
9,19,2,2,83,6,1.0,0.0,0.0,996
9,20,2,0,83,6,1.0,0.0,0.0,3
9,21,2,1,67,6,1.0,0.0,0.0,996
9,22,2,0,80,5,1.0,0.0,0.0,3
9,23,2,1,83,6,1.0,0.0,0.0,996
9,1,3,3,100,6,0.0,1.0,0.0,996
9,2,3,2,100,6,0.5,0.0,0.5,996
9,3,3,3,83,6,0.0,0.5,0.5,996
9,4,3,0,100,6,0.5,0.5,0.0,996
9,5,3,3,67,6,0.0,0.0,1.0,996
9,6,3,1,100,5,1.0,0.0,0.0,996
9,7,3,3,57,7,0.0,0.5,0.5,2
9,8,3,2,100,6,0.5,0.0,0.5,996
9,9,3,3,75,8,0.0,0.0,1.0,996
9,10,3,1,100,6,0.5,0.5,0.0,996
9,11,3,0,100,7,0.5,0.0,0.5,996
9,12,3,3,67,6,1.0,0.0,0.0,1
9,13,3,3,83,6,1.0,0.0,0.0,996
9,14,3,2,100,6,0.5,0.5,0.0,996
9,15,3,0,100,8,0.5,0.0,0.5,996
9,16,3,1,100,6,0.5,0.5,0.0,996
9,17,3,2,100,5,0.5,0.0,0.5,996
9,18,3,3,67,6,1.0,0.0,0.0,996
9,19,3,2,100,6,0.5,0.5,0.0,996
9,20,3,3,67,6,1.0,0.0,0.0,0
9,21,3,1,100,5,0.5,0.5,0.0,0
9,22,3,3,80,5,1.0,0.0,0.0,996
9,23,3,1,100,6,0.5,0.5,0.0,996
9,1,4,3,100,6,0.0,0.67,0.33,996
9,2,4,2,100,6,0.33,0.0,0.67,996
9,3,4,3,100,6,0.0,0.67,0.33,996
9,4,4,0,100,6,0.33,0.33,0.33,996
9,5,4,3,100,4,0.0,0.0,1.0,996
9,6,4,1,83,6,0.67,0.33,0.0,0
9,7,4,2,100,5,0.33,0.33,0.33,996
9,8,4,2,100,6,0.33,0.0,0.67,996
9,9,4,3,100,8,0.0,0.33,0.67,996
9,10,4,1,100,6,0.33,0.33,0.33,996
9,11,4,0,100,9,0.33,0.0,0.67,996
9,12,4,1,100,5,1.0,0.0,0.0,996
9,13,4,3,100,6,0.67,0.33,0.0,996
9,14,4,2,100,7,0.33,0.33,0.33,996
9,15,4,0,100,8,0.33,0.0,0.67,996
9,16,4,1,86,7,0.33,0.33,0.33,996
9,17,4,2,100,5,0.33,0.0,0.67,996
9,18,4,3,100,6,0.67,0.33,0.0,996
9,19,4,2,100,6,0.33,0.33,0.33,996
9,20,4,0,80,5,1.0,0.0,0.0,996
9,21,4,0,80,5,0.67,0.33,0.0,996
9,22,4,3,100,4,0.67,0.33,0.0,996
9,23,4,1,100,6,0.33,0.67,0.0,996
10,1,1,3,0,6,0.0,0.0,0.0,1
10,2,1,3,0,6,0.0,0.0,0.0,0
10,3,1,3,0,6,0.0,0.0,0.0,996
10,4,1,3,0,6,0.0,0.0,0.0,2
10,5,1,3,0,6,0.0,0.0,0.0,1
10,6,1,3,0,6,0.0,0.0,0.0,1
10,7,1,3,0,6,0.0,0.0,0.0,996
10,8,1,3,0,6,0.0,0.0,0.0,2
10,9,1,3,0,6,0.0,0.0,0.0,1
10,10,1,3,0,6,0.0,0.0,0.0,2
10,11,1,3,0,6,0.0,0.0,0.0,1
10,12,1,3,0,6,0.0,0.0,0.0,996
10,13,1,3,0,6,0.0,0.0,0.0,996
10,14,1,3,0,6,0.0,0.0,0.0,2
10,15,1,3,0,6,0.0,0.0,0.0,2
10,16,1,3,0,6,0.0,0.0,0.0,996
10,17,1,3,0,6,0.0,0.0,0.0,1
10,18,1,3,0,6,0.0,0.0,0.0,996
10,19,1,3,0,6,0.0,0.0,0.0,996
10,20,1,3,0,6,0.0,0.0,0.0,1
10,1,2,1,80,5,1.0,0.0,0.0,2
10,2,2,0,100,5,1.0,0.0,0.0,996
10,3,2,3,83,6,0.0,1.0,0.0,1
10,4,2,2,100,7,1.0,0.0,0.0,996
10,5,2,1,83,6,1.0,0.0,0.0,996
10,6,2,1,67,6,1.0,0.0,0.0,996
10,7,2,3,100,6,0.0,0.0,1.0,996
10,8,2,2,83,6,1.0,0.0,0.0,996
10,9,2,1,67,6,1.0,0.0,0.0,996
10,10,2,2,83,6,1.0,0.0,0.0,0
10,11,2,1,83,6,1.0,0.0,0.0,0
10,12,2,3,83,6,0.0,0.0,1.0,996
10,13,2,3,67,6,0.0,0.0,1.0,0
10,14,2,2,83,6,1.0,0.0,0.0,0
10,15,2,2,83,6,1.0,0.0,0.0,996
10,16,2,3,43,7,0.0,0.0,1.0,996
10,17,2,1,83,6,1.0,0.0,0.0,0
10,18,2,3,67,6,0.0,1.0,0.0,996
10,19,2,3,67,6,0.0,0.0,1.0,0
10,20,2,1,67,6,1.0,0.0,0.0,996
10,1,3,2,83,6,1.0,0.0,0.0,3
10,2,3,0,80,5,0.5,0.0,0.5,1
10,3,3,1,50,6,0.5,0.5,0.0,996
10,4,3,2,86,7,0.5,0.5,0.0,996
10,5,3,1,86,7,0.5,0.5,0.0,996
10,6,3,1,67,6,0.5,0.5,0.0,996
10,7,3,3,100,5,0.0,0.0,1.0,996
10,8,3,2,100,6,0.5,0.5,0.0,996
10,9,3,1,83,6,0.5,0.0,0.5,996
10,10,3,0,60,5,1.0,0.0,0.0,2
10,11,3,0,50,6,1.0,0.0,0.0,1
10,12,3,3,100,6,0.0,0.0,1.0,996
10,13,3,0,50,6,0.5,0.0,0.5,3
10,14,3,0,40,5,1.0,0.0,0.0,1
10,15,3,2,100,6,0.5,0.5,0.0,996
10,16,3,3,100,8,0.0,0.0,1.0,996
10,17,3,0,67,6,1.0,0.0,0.0,2
10,18,3,3,100,6,0.0,1.0,0.0,996
10,19,3,0,71,7,0.5,0.0,0.5,3
10,20,3,1,86,7,0.5,0.0,0.5,996
10,1,4,3,60,5,1.0,0.0,0.0,2
10,2,4,1,60,5,0.67,0.0,0.33,996
10,3,4,1,67,3,0.33,0.33,0.33,996
10,4,4,2,100,7,0.33,0.67,0.0,996
10,5,4,1,71,7,0.33,0.67,0.0,0
10,6,4,1,83,6,0.33,0.67,0.0,996
10,7,4,3,100,5,0.0,0.0,1.0,996
10,8,4,2,100,6,0.33,0.33,0.33,996
10,9,4,1,67,6,0.33,0.0,0.67,0
10,10,4,2,100,5,1.0,0.0,0.0,0
10,11,4,1,67,6,1.0,0.0,0.0,996
10,12,4,3,83,6,0.0,0.0,1.0,996
10,13,4,3,67,6,0.67,0.0,0.33,0
10,14,4,1,71,7,1.0,0.0,0.0,996
10,15,4,2,86,7,0.33,0.33,0.33,996
10,16,4,3,62,8,0.0,0.33,0.67,996
10,17,4,2,83,6,1.0,0.0,0.0,996
10,18,4,3,62,8,0.0,1.0,0.0,996
10,19,4,3,50,6,0.67,0.0,0.33,0
10,20,4,1,71,7,0.33,0.33,0.33,996
10,1,5,2,100,6,1.0,0.0,0.0,996
10,2,5,1,83,6,0.5,0.0,0.5,0
10,3,5,1,67,3,0.25,0.5,0.25,996
10,4,5,2,100,6,0.25,0.5,0.25,996
10,5,5,0,100,6,0.5,0.5,0.0,996
10,6,5,1,100,7,0.25,0.75,0.0,996
10,7,5,3,100,6,0.0,0.0,1.0,996
10,8,5,2,100,7,0.25,0.25,0.5,996
10,9,5,0,80,5,0.5,0.0,0.5,996
10,10,5,0,60,5,1.0,0.0,0.0,2
10,11,5,1,100,6,0.75,0.25,0.0,996
10,12,5,3,100,6,0.0,0.0,1.0,996
10,13,5,0,83,6,0.75,0.0,0.25,996
10,14,5,1,100,6,0.75,0.25,0.0,996
10,15,5,2,100,6,0.25,0.5,0.25,996
10,16,5,3,88,8,0.0,0.5,0.5,996
10,17,5,2,100,5,0.75,0.25,0.0,996
10,18,5,3,88,8,0.0,0.75,0.25,996
10,19,5,0,100,5,0.75,0.0,0.25,996
10,20,5,1,71,7,0.25,0.5,0.25,996
10,1,6,2,83,6,0.8,0.2,0.0,996
10,2,6,0,67,6,0.6,0.0,0.4,996
10,3,6,1,100,3,0.2,0.6,0.2,996
10,4,6,2,100,7,0.2,0.4,0.4,996
10,5,6,0,83,6,0.4,0.4,0.2,996
10,6,6,1,100,6,0.2,0.6,0.2,996
10,7,6,3,100,7,0.0,0.0,1.0,996
10,8,6,2,100,8,0.2,0.2,0.6,996
10,9,6,0,100,5,0.4,0.0,0.6,996
10,10,6,2,80,5,1.0,0.0,0.0,996
10,11,6,1,100,6,0.6,0.2,0.2,996
10,12,6,3,100,6,0.0,0.0,1.0,996
10,13,6,0,100,7,0.6,0.2,0.2,996
10,14,6,1,100,6,0.6,0.4,0.0,996
10,15,6,2,100,6,0.2,0.4,0.4,996
10,16,6,3,100,8,0.0,0.6,0.4,996
10,17,6,2,100,4,0.6,0.2,0.2,1
10,18,6,3,100,7,0.2,0.6,0.2,2
10,19,6,0,80,5,0.6,0.0,0.4,996
10,20,6,1,100,6,0.2,0.4,0.4,996
10,1,7,2,83,6,0.67,0.33,0.0,996
10,2,7,0,100,3,0.5,0.0,0.5,996
10,3,7,1,100,4,0.17,0.5,0.33,996
10,4,7,2,88,8,0.17,0.5,0.33,996
10,5,7,0,100,6,0.33,0.5,0.17,996
10,6,7,1,86,7,0.17,0.5,0.33,996
10,7,7,3,100,7,0.0,0.17,0.83,996
10,8,7,2,100,8,0.17,0.17,0.67,996
10,9,7,0,100,5,0.33,0.0,0.67,996
10,10,7,2,100,5,0.83,0.17,0.0,996
10,11,7,1,100,7,0.5,0.17,0.33,996
10,12,7,3,100,6,0.0,0.0,1.0,996
10,13,7,0,100,7,0.5,0.17,0.33,996
10,14,7,1,100,7,0.5,0.33,0.17,996
10,15,7,2,83,6,0.17,0.33,0.5,996
10,16,7,3,100,9,0.0,0.5,0.5,996
10,17,7,1,100,3,0.67,0.17,0.17,2
10,18,7,2,57,7,0.33,0.5,0.17,0
10,19,7,0,100,5,0.5,0.17,0.33,996
10,20,7,1,83,6,0.17,0.5,0.33,996
10,1,8,2,100,5,0.57,0.43,0.0,996
10,2,8,0,100,4,0.43,0.0,0.57,996
10,3,8,1,100,5,0.14,0.43,0.43,996
10,4,8,2,100,8,0.14,0.57,0.29,996
10,5,8,0,100,6,0.29,0.57,0.14,996
10,6,8,1,100,6,0.14,0.57,0.29,996
10,7,8,3,100,8,0.0,0.29,0.71,996
10,8,8,2,100,9,0.14,0.14,0.71,996
10,9,8,0,100,6,0.29,0.0,0.71,996
10,10,8,2,100,4,0.71,0.14,0.14,996
10,11,8,1,100,7,0.43,0.14,0.43,996
10,12,8,3,100,7,0.0,0.0,1.0,996
10,13,8,0,100,7,0.43,0.14,0.43,996
10,14,8,1,100,6,0.43,0.43,0.14,996
10,15,8,2,100,6,0.14,0.43,0.43,996
10,16,8,3,100,8,0.0,0.57,0.43,996
10,17,8,2,100,4,0.71,0.14,0.14,1
10,18,8,0,75,4,0.43,0.43,0.14,996
10,19,8,0,80,5,0.43,0.14,0.43,996
10,20,8,1,100,5,0.14,0.57,0.29,996
10,1,9,2,100,5,0.5,0.5,0.0,996
10,2,9,0,100,4,0.38,0.0,0.62,996
10,3,9,1,100,6,0.12,0.38,0.5,996
10,4,9,2,100,8,0.12,0.5,0.38,996
10,5,9,0,86,7,0.25,0.5,0.25,996
10,6,9,1,100,6,0.12,0.5,0.38,996
10,7,9,3,100,8,0.0,0.25,0.75,996
10,8,9,2,100,9,0.12,0.12,0.75,996
10,9,9,0,100,7,0.25,0.0,0.75,996
10,10,9,2,100,4,0.62,0.12,0.25,996
10,11,9,1,100,7,0.38,0.12,0.5,996
10,12,9,3,100,7,0.0,0.0,1.0,996
10,13,9,0,100,6,0.38,0.12,0.5,996
10,14,9,1,100,6,0.38,0.5,0.12,996
10,15,9,2,100,6,0.12,0.38,0.5,996
10,16,9,3,100,9,0.0,0.62,0.38,996
10,17,9,1,100,3,0.75,0.12,0.12,2
10,18,9,0,100,5,0.38,0.5,0.12,996
10,19,9,0,75,4,0.38,0.25,0.38,996
10,20,9,1,100,5,0.12,0.5,0.38,996
11,1,1,3,0,6,0.0,0.0,0.0,0
11,2,1,3,0,6,0.0,0.0,0.0,0
11,3,1,3,0,6,0.0,0.0,0.0,1
11,4,1,3,0,6,0.0,0.0,0.0,0
11,5,1,3,0,6,0.0,0.0,0.0,2
11,6,1,3,0,6,0.0,0.0,0.0,996
11,7,1,3,0,6,0.0,0.0,0.0,2
11,8,1,3,0,6,0.0,0.0,0.0,1
11,9,1,3,0,6,0.0,0.0,0.0,996
11,10,1,3,0,6,0.0,0.0,0.0,996
11,11,1,3,0,6,0.0,0.0,0.0,0
11,12,1,3,0,6,0.0,0.0,0.0,0
11,13,1,3,0,6,0.0,0.0,0.0,2
11,14,1,3,0,6,0.0,0.0,0.0,996
11,15,1,3,0,6,0.0,0.0,0.0,0
11,16,1,3,0,6,0.0,0.0,0.0,996
11,17,1,3,0,6,0.0,0.0,0.0,996
11,1,2,0,50,6,1.0,0.0,0.0,2
11,2,2,0,67,6,1.0,0.0,0.0,996
11,3,2,1,100,6,1.0,0.0,0.0,996
11,4,2,0,67,6,1.0,0.0,0.0,996
11,5,2,2,83,6,1.0,0.0,0.0,996
11,6,2,3,83,6,0.0,0.0,1.0,996
11,7,2,2,83,6,1.0,0.0,0.0,996
11,8,2,1,100,6,1.0,0.0,0.0,996
11,9,2,3,67,6,0.0,0.0,1.0,996
11,10,2,3,83,6,0.0,0.0,1.0,996
11,11,2,0,83,6,1.0,0.0,0.0,996
11,12,2,0,67,6,1.0,0.0,0.0,996
11,13,2,2,100,6,1.0,0.0,0.0,996
11,14,2,3,67,6,0.0,0.0,1.0,0
11,15,2,0,67,6,1.0,0.0,0.0,1
11,16,2,3,67,6,0.0,0.0,1.0,996
11,17,2,3,67,6,0.0,0.0,1.0,996
11,1,3,2,100,5,1.0,0.0,0.0,996
11,2,3,0,83,6,0.5,0.5,0.0,996
11,3,3,1,100,7,0.5,0.0,0.5,996
11,4,3,0,83,6,0.5,0.5,0.0,996
11,5,3,2,100,6,0.5,0.5,0.0,996
11,6,3,3,80,5,0.0,0.0,1.0,996
11,7,3,2,100,6,0.5,0.0,0.5,996
11,8,3,1,100,7,0.5,0.5,0.0,996
11,9,3,3,80,5,0.0,0.0,1.0,996
11,10,3,3,100,7,0.0,0.5,0.5,996
11,11,3,0,80,5,0.5,0.0,0.5,996
11,12,3,0,83,6,0.5,0.5,0.0,996
11,13,3,2,100,6,0.5,0.0,0.5,1
11,14,3,0,60,5,0.5,0.0,0.5,2
11,15,3,1,100,6,1.0,0.0,0.0,996
11,16,3,3,83,6,0.0,0.5,0.5,996
11,17,3,3,88,8,0.0,0.0,1.0,996
11,1,4,2,100,4,0.67,0.0,0.33,996
11,2,4,0,100,5,0.33,0.33,0.33,996
11,3,4,1,100,7,0.33,0.33,0.33,996
11,4,4,0,100,6,0.33,0.67,0.0,996
11,5,4,2,100,7,0.33,0.33,0.33,996
11,6,4,3,83,6,0.0,0.0,1.0,996
11,7,4,2,100,6,0.33,0.0,0.67,996
11,8,4,1,100,7,0.33,0.67,0.0,996
11,9,4,3,83,6,0.0,0.0,1.0,996
11,10,4,3,100,6,0.0,0.33,0.67,996
11,11,4,0,100,5,0.33,0.0,0.67,996
11,12,4,0,100,6,0.33,0.67,0.0,996
11,13,4,1,83,6,0.67,0.0,0.33,996
11,14,4,2,100,4,0.67,0.0,0.33,996
11,15,4,1,83,6,0.67,0.0,0.33,0
11,16,4,3,100,8,0.0,0.67,0.33,996
11,17,4,3,100,7,0.0,0.0,1.0,996
11,1,5,2,100,4,0.5,0.0,0.5,996
11,2,5,0,100,6,0.25,0.25,0.5,996
11,3,5,1,100,7,0.25,0.5,0.25,996
11,4,5,0,100,6,0.25,0.5,0.25,996
11,5,5,2,83,6,0.25,0.5,0.25,0
11,6,5,3,83,6,0.0,0.25,0.75,2
11,7,5,2,100,6,0.25,0.0,0.75,996
11,8,5,1,100,7,0.25,0.5,0.25,996
11,9,5,3,83,6,0.0,0.0,1.0,996
11,10,5,3,100,5,0.0,0.25,0.75,996
11,11,5,0,100,5,0.25,0.0,0.75,996
11,12,5,0,83,6,0.25,0.5,0.25,2
11,13,5,1,100,6,0.5,0.25,0.25,2
11,14,5,2,83,6,0.5,0.0,0.5,996
11,15,5,0,80,5,0.75,0.0,0.25,996
11,16,5,3,100,8,0.0,0.5,0.5,996
11,17,5,3,100,7,0.0,0.0,1.0,996
11,1,6,2,100,5,0.4,0.0,0.6,996
11,2,6,0,83,6,0.2,0.4,0.4,996
11,3,6,1,100,8,0.2,0.6,0.2,996
11,4,6,0,83,6,0.2,0.4,0.4,996
11,5,6,0,60,5,0.4,0.4,0.2,2
11,6,6,2,40,5,0.2,0.2,0.6,3
11,7,6,2,86,7,0.2,0.0,0.8,996
11,8,6,1,100,7,0.2,0.4,0.4,996
11,9,6,3,100,6,0.0,0.2,0.8,996
11,10,6,3,100,5,0.0,0.2,0.8,996
11,11,6,0,100,5,0.2,0.0,0.8,3
11,12,6,2,80,5,0.4,0.4,0.2,0
11,13,6,2,50,6,0.6,0.2,0.2,996
11,14,6,2,71,7,0.4,0.2,0.4,1
11,15,6,0,100,4,0.6,0.2,0.2,3
11,16,6,3,100,8,0.0,0.6,0.4,996
11,17,6,3,100,7,0.0,0.0,1.0,0
11,1,7,2,100,5,0.33,0.0,0.67,996
11,2,7,0,83,6,0.17,0.5,0.33,996
11,3,7,1,100,9,0.17,0.5,0.33,996
11,4,7,0,83,6,0.17,0.5,0.33,996
11,5,7,2,100,3,0.5,0.33,0.17,996
11,6,7,3,100,5,0.33,0.17,0.5,996
11,7,7,2,100,8,0.33,0.0,0.67,996
11,8,7,1,100,7,0.17,0.33,0.5,996
11,9,7,3,83,6,0.0,0.17,0.83,996
11,10,7,3,80,5,0.0,0.33,0.67,996
11,11,7,3,50,6,0.33,0.0,0.67,0
11,12,7,0,80,5,0.5,0.33,0.17,1
11,13,7,2,100,4,0.5,0.17,0.33,996
11,14,7,1,100,8,0.5,0.17,0.33,996
11,15,7,3,100,4,0.67,0.17,0.17,996
11,16,7,3,88,8,0.0,0.67,0.33,996
11,17,7,0,57,7,0.17,0.0,0.83,2
11,1,8,2,80,5,0.29,0.0,0.71,996
11,2,8,0,100,6,0.14,0.57,0.29,996
11,3,8,1,100,9,0.14,0.43,0.43,996
11,4,8,0,100,6,0.14,0.57,0.29,996
11,5,8,2,100,3,0.43,0.43,0.14,996
11,6,8,3,100,6,0.29,0.14,0.57,996
11,7,8,2,100,8,0.29,0.0,0.71,996
11,8,8,1,100,7,0.14,0.29,0.57,996
11,9,8,3,100,6,0.0,0.29,0.71,996
11,10,8,3,100,5,0.0,0.43,0.57,996
11,11,8,0,100,4,0.43,0.0,0.57,996
11,12,8,1,100,5,0.57,0.29,0.14,996
11,13,8,2,100,6,0.43,0.14,0.43,996
11,14,8,1,100,8,0.43,0.14,0.43,996
11,15,8,3,100,4,0.57,0.14,0.29,996
11,16,8,3,100,8,0.0,0.71,0.29,996
11,17,8,2,83,6,0.29,0.0,0.71,996
11,1,9,2,67,3,0.25,0.0,0.75,996
11,2,9,0,100,6,0.12,0.5,0.38,996
11,3,9,1,100,9,0.12,0.5,0.38,996
11,4,9,0,100,7,0.12,0.5,0.38,996
11,5,9,2,100,3,0.38,0.38,0.25,1
11,6,9,3,100,6,0.25,0.12,0.62,996
11,7,9,2,100,8,0.25,0.0,0.75,996
11,8,9,1,100,7,0.12,0.38,0.5,996
11,9,9,3,100,6,0.0,0.25,0.75,996
11,10,9,3,100,5,0.0,0.38,0.62,996
11,11,9,0,100,3,0.38,0.0,0.62,996
11,12,9,1,100,5,0.5,0.25,0.25,996
11,13,9,2,100,7,0.38,0.12,0.5,996
11,14,9,1,100,8,0.38,0.12,0.5,996
11,15,9,3,100,4,0.5,0.25,0.25,996
11,16,9,3,100,8,0.0,0.75,0.25,996
11,17,9,2,80,5,0.25,0.0,0.75,996
11,1,10,2,67,3,0.22,0.0,0.78,3
11,2,10,0,100,6,0.11,0.44,0.44,996
11,3,10,1,90,10,0.11,0.44,0.44,996
11,4,10,0,100,7,0.11,0.44,0.44,996
11,5,10,1,33,3,0.44,0.33,0.22,996
11,6,10,3,100,6,0.22,0.11,0.67,996
11,7,10,2,100,8,0.22,0.0,0.78,996
11,8,10,1,86,7,0.11,0.33,0.56,996
11,9,10,3,100,6,0.0,0.22,0.78,996
11,10,10,3,100,5,0.0,0.33,0.67,996
11,11,10,0,100,3,0.33,0.0,0.67,996
11,12,10,1,100,5,0.44,0.22,0.33,996
11,13,10,2,100,7,0.33,0.11,0.56,996
11,14,10,1,100,7,0.33,0.11,0.56,996
11,15,10,3,75,4,0.44,0.33,0.22,996
11,16,10,3,89,9,0.0,0.78,0.22,996
11,17,10,2,75,4,0.22,0.0,0.78,996
11,1,11,3,50,4,0.3,0.0,0.7,2
11,2,11,0,100,6,0.1,0.4,0.5,996
11,3,11,1,100,10,0.1,0.5,0.4,996
11,4,11,0,100,7,0.1,0.4,0.5,996
11,5,11,1,100,2,0.4,0.4,0.2,996
11,6,11,3,100,7,0.2,0.1,0.7,996
11,7,11,2,100,8,0.2,0.0,0.8,996
11,8,11,1,100,6,0.1,0.4,0.5,996
11,9,11,3,100,6,0.0,0.2,0.8,996
11,10,11,3,80,5,0.0,0.4,0.6,996
11,11,11,0,100,5,0.3,0.0,0.7,996
11,12,11,1,100,5,0.4,0.2,0.4,996
11,13,11,2,100,7,0.3,0.1,0.6,996
11,14,11,1,100,7,0.3,0.1,0.6,996
11,15,11,3,67,3,0.4,0.3,0.3,996
11,16,11,3,100,9,0.0,0.8,0.2,996
11,17,11,2,100,5,0.2,0.0,0.8,996
11,1,12,2,0,1,0.36,0.0,0.64,3
11,2,12,0,100,6,0.09,0.45,0.45,996
11,3,12,1,100,10,0.09,0.45,0.45,996
11,4,12,0,100,7,0.09,0.36,0.55,996
11,5,12,1,100,3,0.36,0.36,0.27,996
11,6,12,3,100,7,0.18,0.09,0.73,996
11,7,12,2,100,9,0.18,0.0,0.82,996
11,8,12,1,100,6,0.09,0.36,0.55,996
11,9,12,3,100,6,0.0,0.18,0.82,996
11,10,12,3,100,5,0.0,0.45,0.55,996
11,11,12,0,100,5,0.27,0.0,0.73,996
11,12,12,1,100,5,0.36,0.18,0.45,996
11,13,12,2,100,7,0.27,0.09,0.64,996
11,14,12,1,100,7,0.27,0.09,0.64,996
11,15,12,3,100,3,0.36,0.36,0.27,996
11,16,12,3,100,9,0.0,0.73,0.27,996
11,17,12,2,83,6,0.18,0.0,0.82,996
12,1,1,3,0,6,0.0,0.0,0.0,1
12,2,1,3,0,6,0.0,0.0,0.0,0
12,3,1,3,0,6,0.0,0.0,0.0,996
12,4,1,3,0,6,0.0,0.0,0.0,996
12,5,1,3,0,6,0.0,0.0,0.0,1
12,6,1,3,0,6,0.0,0.0,0.0,996
12,7,1,3,0,6,0.0,0.0,0.0,996
12,8,1,3,0,6,0.0,0.0,0.0,1
12,9,1,3,0,6,0.0,0.0,0.0,0
12,10,1,3,0,6,0.0,0.0,0.0,2
12,11,1,3,0,6,0.0,0.0,0.0,996
12,12,1,3,0,6,0.0,0.0,0.0,0
12,13,1,3,0,6,0.0,0.0,0.0,0
12,14,1,3,0,6,0.0,0.0,0.0,0
12,15,1,3,0,6,0.0,0.0,0.0,2
12,16,1,3,0,6,0.0,0.0,0.0,2
12,17,1,3,0,6,0.0,0.0,0.0,2
12,18,1,3,0,6,0.0,0.0,0.0,996
12,19,1,3,0,6,0.0,0.0,0.0,996
12,20,1,3,0,6,0.0,0.0,0.0,996
12,21,1,3,0,6,0.0,0.0,0.0,1
12,22,1,3,0,6,0.0,0.0,0.0,1
12,23,1,3,0,6,0.0,0.0,0.0,2
12,24,1,3,0,6,0.0,0.0,0.0,0
12,25,1,3,0,6,0.0,0.0,0.0,1
12,26,1,3,0,6,0.0,0.0,0.0,0
12,1,2,1,83,6,1.0,0.0,0.0,996
12,2,2,0,80,5,1.0,0.0,0.0,2
12,3,2,3,67,6,0.0,0.0,1.0,2
12,4,2,3,50,6,0.0,1.0,0.0,2
12,5,2,1,83,6,1.0,0.0,0.0,996
12,6,2,3,50,6,0.0,0.0,1.0,996
12,7,2,3,67,6,0.0,0.0,1.0,996
12,8,2,1,83,6,1.0,0.0,0.0,996
12,9,2,0,83,6,1.0,0.0,0.0,996
12,10,2,2,100,6,1.0,0.0,0.0,996
12,11,2,3,100,6,0.0,0.0,1.0,996
12,12,2,0,57,7,1.0,0.0,0.0,996
12,13,2,0,67,6,1.0,0.0,0.0,1
12,14,2,0,67,6,1.0,0.0,0.0,1
12,15,2,2,67,6,1.0,0.0,0.0,996
12,16,2,2,67,6,1.0,0.0,0.0,1
12,17,2,2,67,6,1.0,0.0,0.0,996
12,18,2,3,80,5,0.0,0.0,1.0,996
12,19,2,3,67,6,0.0,0.0,1.0,996
12,20,2,3,83,6,0.0,1.0,0.0,996
12,21,2,1,83,6,1.0,0.0,0.0,0
12,22,2,1,67,6,1.0,0.0,0.0,2
12,23,2,2,100,6,1.0,0.0,0.0,996
12,24,2,0,86,7,1.0,0.0,0.0,1
12,25,2,1,67,6,1.0,0.0,0.0,996
12,26,2,0,67,6,1.0,0.0,0.0,996
12,1,3,1,88,8,0.5,0.5,0.0,996
12,2,3,2,75,4,1.0,0.0,0.0,3
12,3,3,2,67,6,0.5,0.0,0.5,996
12,4,3,2,75,4,0.5,0.5,0.0,996
12,5,3,1,86,7,0.5,0.5,0.0,996
12,6,3,3,83,6,0.0,0.0,1.0,1
12,7,3,3,86,7,0.0,0.5,0.5,996
12,8,3,1,83,6,0.5,0.0,0.5,996
12,9,3,0,100,6,0.5,0.5,0.0,996
12,10,3,2,100,6,0.5,0.5,0.0,996
12,11,3,3,100,6,0.0,0.0,1.0,996
12,12,3,0,83,6,0.5,0.5,0.0,996
12,13,3,1,60,5,1.0,0.0,0.0,0
12,14,3,1,67,6,1.0,0.0,0.0,996
12,15,3,2,83,6,0.5,0.5,0.0,996
12,16,3,1,60,5,1.0,0.0,0.0,0
12,17,3,2,86,7,0.5,0.5,0.0,996
12,18,3,3,80,5,0.0,0.0,1.0,996
12,19,3,3,60,5,0.0,0.0,1.0,996
12,20,3,3,83,6,0.0,0.5,0.5,1
12,21,3,0,88,8,1.0,0.0,0.0,996
12,22,3,2,83,6,1.0,0.0,0.0,0
12,23,3,2,86,7,0.5,0.0,0.5,996
12,24,3,1,71,7,1.0,0.0,0.0,996
12,25,3,1,80,5,0.5,0.0,0.5,2
12,26,3,0,100,6,0.5,0.5,0.0,996
12,1,4,1,100,6,0.33,0.67,0.0,996
12,2,4,3,83,6,1.0,0.0,0.0,996
12,3,4,2,100,6,0.33,0.33,0.33,996
12,4,4,2,100,4,0.33,0.67,0.0,996
12,5,4,1,86,7,0.33,0.67,0.0,996
12,6,4,1,60,5,0.33,0.0,0.67,0
12,7,4,3,88,8,0.0,0.67,0.33,996
12,8,4,1,80,5,0.33,0.0,0.67,996
12,9,4,0,100,6,0.33,0.33,0.33,996
12,10,4,2,100,6,0.33,0.67,0.0,996
12,11,4,3,100,6,0.0,0.0,1.0,996
12,12,4,0,83,6,0.33,0.67,0.0,996
12,13,4,0,67,6,1.0,0.0,0.0,996
12,14,4,1,100,6,0.67,0.0,0.33,996
12,15,4,2,83,6,0.33,0.33,0.33,996
12,16,4,0,80,5,1.0,0.0,0.0,996
12,17,4,2,86,7,0.33,0.33,0.33,996
12,18,4,3,80,5,0.0,0.0,1.0,996
12,19,4,3,86,7,0.0,0.0,1.0,996
12,20,4,1,100,6,0.33,0.33,0.33,996
12,21,4,0,88,8,0.67,0.0,0.33,1
12,22,4,0,83,6,1.0,0.0,0.0,996
12,23,4,2,86,7,0.33,0.33,0.33,996
12,24,4,1,100,7,0.67,0.33,0.0,996
12,25,4,2,80,5,0.67,0.0,0.33,996
12,26,4,0,100,8,0.33,0.33,0.33,996
12,1,5,1,100,6,0.25,0.5,0.25,996
12,2,5,3,100,6,0.75,0.25,0.0,996
12,3,5,2,100,7,0.25,0.25,0.5,996
12,4,5,2,100,4,0.25,0.5,0.25,996
12,5,5,1,86,7,0.25,0.75,0.0,996
12,6,5,0,67,6,0.5,0.0,0.5,1
12,7,5,3,100,8,0.0,0.75,0.25,996
12,8,5,1,100,5,0.25,0.0,0.75,996
12,9,5,0,86,7,0.25,0.25,0.5,996
12,10,5,2,100,7,0.25,0.75,0.0,996
12,11,5,3,100,6,0.0,0.0,1.0,996
12,12,5,0,83,6,0.25,0.75,0.0,996
12,13,5,0,100,4,0.75,0.0,0.25,996
12,14,5,1,100,6,0.5,0.0,0.5,996
12,15,5,2,83,6,0.25,0.25,0.5,996
12,16,5,0,100,6,0.75,0.25,0.0,996
12,17,5,2,86,7,0.25,0.25,0.5,996
12,18,5,3,80,5,0.0,0.0,1.0,996
12,19,5,3,86,7,0.0,0.0,1.0,996
12,20,5,1,83,6,0.25,0.5,0.25,996
12,21,5,1,62,8,0.75,0.0,0.25,996
12,22,5,0,100,6,0.75,0.0,0.25,996
12,23,5,2,86,7,0.25,0.25,0.5,996
12,24,5,1,86,7,0.5,0.25,0.25,3
12,25,5,2,80,5,0.5,0.0,0.5,996
12,26,5,0,100,7,0.25,0.25,0.5,996
12,1,6,1,100,7,0.2,0.4,0.4,996
12,2,6,3,86,7,0.6,0.2,0.2,996
12,3,6,2,100,7,0.2,0.2,0.6,996
12,4,6,2,100,5,0.2,0.4,0.4,996
12,5,6,1,100,7,0.2,0.8,0.0,996
12,6,6,1,67,3,0.6,0.0,0.4,0
12,7,6,3,100,9,0.0,0.6,0.4,996
12,8,6,1,80,5,0.2,0.0,0.8,996
12,9,6,0,100,7,0.2,0.4,0.4,996
12,10,6,2,100,7,0.2,0.8,0.0,996
12,11,6,3,100,6,0.0,0.2,0.8,996
12,12,6,0,100,6,0.2,0.8,0.0,996
12,13,6,0,100,4,0.6,0.0,0.4,996
12,14,6,1,100,6,0.4,0.0,0.6,996
12,15,6,2,100,6,0.2,0.4,0.4,996
12,16,6,0,100,6,0.6,0.2,0.2,996
12,17,6,2,100,7,0.2,0.4,0.4,996
12,18,6,3,83,6,0.0,0.0,1.0,996
12,19,6,3,86,7,0.0,0.0,1.0,996
12,20,6,1,83,6,0.2,0.4,0.4,996
12,21,6,1,88,8,0.6,0.0,0.4,996
12,22,6,0,100,6,0.6,0.0,0.4,996
12,23,6,2,86,7,0.2,0.4,0.4,996
12,24,6,3,86,7,0.6,0.2,0.2,996
12,25,6,2,80,5,0.4,0.0,0.6,996
12,26,6,0,100,7,0.2,0.2,0.6,996
12,1,7,1,89,9,0.17,0.33,0.5,996
12,2,7,3,100,7,0.5,0.33,0.17,996
12,3,7,2,100,7,0.17,0.17,0.67,996
12,4,7,2,100,5,0.17,0.33,0.5,996
12,5,7,1,100,7,0.17,0.67,0.17,996
12,6,7,0,100,5,0.67,0.0,0.33,996
12,7,7,3,100,9,0.0,0.5,0.5,996
12,8,7,1,100,6,0.17,0.0,0.83,996
12,9,7,0,100,8,0.17,0.33,0.5,996
12,10,7,2,100,7,0.17,0.83,0.0,996
12,11,7,3,100,6,0.0,0.33,0.67,996
12,12,7,0,100,6,0.17,0.67,0.17,996
12,13,7,0,100,4,0.5,0.0,0.5,996
12,14,7,1,100,5,0.33,0.0,0.67,996
12,15,7,2,100,6,0.17,0.33,0.5,996
12,16,7,0,100,5,0.5,0.17,0.33,996
12,17,7,2,100,7,0.17,0.33,0.5,996
12,18,7,3,100,5,0.0,0.0,1.0,996
12,19,7,3,100,7,0.0,0.17,0.83,996
12,20,7,1,100,6,0.17,0.5,0.33,996
12,21,7,1,86,7,0.5,0.17,0.33,996
12,22,7,0,100,5,0.5,0.0,0.5,996
12,23,7,2,100,7,0.17,0.5,0.33,996
12,24,7,3,100,9,0.5,0.33,0.17,996
12,25,7,2,100,4,0.33,0.0,0.67,996
12,26,7,0,100,7,0.17,0.17,0.67,996
13,1,1,3,0,6,0.0,0.0,0.0,996
13,2,1,3,0,6,0.0,0.0,0.0,996
13,3,1,3,0,6,0.0,0.0,0.0,996
13,4,1,3,0,6,0.0,0.0,0.0,0
13,5,1,3,0,6,0.0,0.0,0.0,1
13,6,1,3,0,6,0.0,0.0,0.0,0
13,7,1,3,0,6,0.0,0.0,0.0,996
13,8,1,3,0,6,0.0,0.0,0.0,2
13,9,1,3,0,6,0.0,0.0,0.0,996
13,10,1,3,0,6,0.0,0.0,0.0,0
13,11,1,3,0,6,0.0,0.0,0.0,2
13,12,1,3,0,6,0.0,0.0,0.0,0
13,13,1,3,0,6,0.0,0.0,0.0,996
13,14,1,3,0,6,0.0,0.0,0.0,0
13,15,1,3,0,6,0.0,0.0,0.0,996
13,16,1,3,0,6,0.0,0.0,0.0,1
13,17,1,3,0,6,0.0,0.0,0.0,2
13,18,1,3,0,6,0.0,0.0,0.0,2
13,19,1,3,0,6,0.0,0.0,0.0,996
13,20,1,3,0,6,0.0,0.0,0.0,996
13,1,2,3,33,6,0.0,0.0,1.0,2
13,2,2,3,33,6,0.0,0.0,1.0,1
13,3,2,3,60,5,0.0,0.0,1.0,1
13,4,2,0,86,7,1.0,0.0,0.0,996
13,5,2,1,100,6,1.0,0.0,0.0,996
13,6,2,0,83,6,1.0,0.0,0.0,1
13,7,2,3,83,6,0.0,1.0,0.0,996
13,8,2,2,83,6,1.0,0.0,0.0,996
13,9,2,3,83,6,0.0,0.0,1.0,996
13,10,2,0,83,6,1.0,0.0,0.0,996
13,11,2,2,83,6,1.0,0.0,0.0,1
13,12,2,0,67,6,1.0,0.0,0.0,1
13,13,2,3,83,6,0.0,0.0,1.0,996
13,14,2,0,83,6,1.0,0.0,0.0,996
13,15,2,3,83,6,0.0,0.0,1.0,996
13,16,2,1,100,5,1.0,0.0,0.0,996
13,17,2,2,83,6,1.0,0.0,0.0,996
13,18,2,2,86,7,1.0,0.0,0.0,996
13,19,2,3,50,6,0.0,1.0,0.0,996
13,20,2,3,50,6,0.0,1.0,0.0,996
13,1,3,2,80,5,0.5,0.0,0.5,1
13,2,3,1,80,5,0.5,0.0,0.5,996
13,3,3,1,40,5,0.5,0.0,0.5,996
13,4,3,0,100,7,0.5,0.5,0.0,996
13,5,3,1,71,7,0.5,0.5,0.0,996
13,6,3,1,60,5,1.0,0.0,0.0,996
13,7,3,3,100,5,0.0,0.5,0.5,1
13,8,3,2,100,6,0.5,0.5,0.0,996
13,9,3,3,100,6,0.0,0.5,0.5,996
13,10,3,0,100,6,0.5,0.5,0.0,996
13,11,3,1,80,5,1.0,0.0,0.0,2
13,12,3,1,80,5,1.0,0.0,0.0,996
13,13,3,3,83,6,0.0,0.0,1.0,2
13,14,3,0,100,6,0.5,0.0,0.5,996
13,15,3,3,83,6,0.0,0.0,1.0,996
13,16,3,1,100,7,0.5,0.0,0.5,996
13,17,3,2,86,7,0.5,0.0,0.5,996
13,18,3,2,71,7,0.5,0.0,0.5,0
13,19,3,3,83,6,0.0,1.0,0.0,996
13,20,3,3,83,6,0.0,0.5,0.5,996
13,1,4,1,60,5,0.67,0.0,0.33,0
13,2,4,1,80,5,0.33,0.33,0.33,996
13,3,4,1,50,4,0.33,0.0,0.67,996
13,4,4,0,100,7,0.33,0.33,0.33,996
13,5,4,1,83,6,0.33,0.67,0.0,996
13,6,4,1,67,6,0.67,0.33,0.0,996
13,7,4,1,60,5,0.33,0.33,0.33,996
13,8,4,2,100,6,0.33,0.33,0.33,996
13,9,4,3,100,6,0.0,0.33,0.67,996
13,10,4,0,100,7,0.33,0.33,0.33,996
13,11,4,2,83,6,1.0,0.0,0.0,996
13,12,4,1,100,5,0.67,0.0,0.33,996
13,13,4,2,80,5,0.33,0.0,0.67,996
13,14,4,0,100,6,0.33,0.0,0.67,996
13,15,4,3,100,6,0.0,0.33,0.67,996
13,16,4,1,100,7,0.33,0.0,0.67,996
13,17,4,2,100,7,0.33,0.33,0.33,996
13,18,4,0,100,7,0.67,0.0,0.33,996
13,19,4,3,100,7,0.0,1.0,0.0,996
13,20,4,3,100,5,0.0,0.67,0.33,996
13,1,5,0,50,4,0.75,0.0,0.25,996
13,2,5,1,100,5,0.25,0.5,0.25,996
13,3,5,1,60,5,0.25,0.0,0.75,996
13,4,5,0,86,7,0.25,0.25,0.5,996
13,5,5,1,100,6,0.25,0.75,0.0,996
13,6,5,1,67,6,0.5,0.25,0.25,996
13,7,5,1,75,4,0.25,0.25,0.5,996
13,8,5,2,100,7,0.25,0.25,0.5,996
13,9,5,3,100,5,0.0,0.25,0.75,996
13,10,5,0,100,7,0.25,0.25,0.5,996
13,11,5,2,100,6,0.75,0.25,0.0,996
13,12,5,1,80,5,0.5,0.25,0.25,996
13,13,5,2,100,3,0.25,0.0,0.75,996
13,14,5,0,100,6,0.25,0.25,0.5,996
13,15,5,3,100,6,0.0,0.25,0.75,996
13,16,5,1,100,7,0.25,0.0,0.75,996
13,17,5,2,100,8,0.25,0.25,0.5,996
13,18,5,0,89,9,0.5,0.0,0.5,996
13,19,5,3,100,7,0.0,0.75,0.25,996
13,20,5,3,100,5,0.0,0.5,0.5,996
13,1,6,0,75,4,0.6,0.0,0.4,1
13,2,6,1,100,6,0.2,0.6,0.2,996
13,3,6,1,80,5,0.2,0.2,0.6,996
13,4,6,0,100,6,0.2,0.4,0.4,996
13,5,6,1,100,6,0.2,0.8,0.0,996
13,6,6,1,80,5,0.4,0.2,0.4,0
13,7,6,1,80,5,0.2,0.2,0.6,996
13,8,6,2,100,7,0.2,0.2,0.6,996
13,9,6,3,100,6,0.0,0.2,0.8,996
13,10,6,0,100,7,0.2,0.2,0.6,996
13,11,6,2,100,5,0.6,0.4,0.0,996
13,12,6,1,75,4,0.4,0.4,0.2,0
13,13,6,2,100,3,0.2,0.0,0.8,996
13,14,6,0,100,6,0.2,0.4,0.4,996
13,15,6,3,100,7,0.0,0.2,0.8,996
13,16,6,1,100,7,0.2,0.0,0.8,996
13,17,6,2,100,7,0.2,0.2,0.6,996
13,18,6,0,89,9,0.4,0.0,0.6,996
13,19,6,3,100,7,0.0,0.6,0.4,996
13,20,6,3,100,6,0.0,0.4,0.6,996
