session,uid,round,size,color,num_of_neighbor,hist_color,hist_neighbor,hist_skip
1,1,1,15,4,6,1.0,0.0,0.0
1,2,1,15,4,6,1.0,0.0,0.0
1,3,1,15,4,6,1.0,0.0,0.0
1,4,1,15,4,6,1.0,0.0,0.0
1,5,1,15,4,6,1.0,0.0,0.0
1,6,1,15,4,6,0.0,0.0,1.0
1,7,1,15,4,6,1.0,0.0,0.0
1,8,1,15,4,6,1.0,0.0,0.0
1,9,1,15,4,6,1.0,0.0,0.0
1,10,1,15,4,6,1.0,0.0,0.0
1,11,1,15,4,6,1.0,0.0,0.0
1,12,1,15,4,6,1.0,0.0,0.0
1,13,1,15,4,6,1.0,0.0,0.0
1,14,1,15,4,6,1.0,0.0,0.0
1,15,1,15,4,6,1.0,0.0,0.0
1,1,2,15,1,6,0.5,0.5,0.0
1,2,2,15,2,6,1.0,0.0,0.0
1,3,2,15,1,6,0.5,0.0,0.5
1,4,2,15,2,6,1.0,0.0,0.0
1,5,2,15,2,6,1.0,0.0,0.0
1,6,2,15,4,6,0.0,0.0,1.0
1,7,2,15,1,6,0.5,0.0,0.5
1,8,2,15,1,6,0.5,0.5,0.0
1,9,2,15,2,6,0.5,0.0,0.5
1,10,2,15,1,6,1.0,0.0,0.0
1,11,2,15,1,6,1.0,0.0,0.0
1,12,2,15,1,6,0.5,0.0,0.5
1,13,2,15,2,6,0.5,0.5,0.0
1,14,2,15,2,6,1.0,0.0,0.0
1,15,2,15,2,6,0.5,0.5,0.0
1,1,3,15,1,6,0.33,0.33,0.33
1,2,3,15,3,7,0.67,0.0,0.33
1,3,3,15,1,5,0.33,0.33,0.33
1,4,3,15,3,6,1.0,0.0,0.0
1,5,3,15,3,5,1.0,0.0,0.0
1,6,3,15,4,9,0.0,0.0,1.0
1,7,3,15,1,6,0.67,0.0,0.33
1,8,3,15,1,6,0.33,0.67,0.0
1,9,3,15,2,6,0.33,0.0,0.67
1,10,3,15,3,6,0.67,0.0,0.33
1,11,3,15,4,6,0.67,0.0,0.33
1,12,3,15,1,6,0.33,0.33,0.33
1,13,3,15,2,5,0.33,0.33,0.33
1,14,3,15,3,5,0.67,0.33,0.0
1,15,3,15,2,6,0.33,0.67,0.0
1,1,4,15,1,6,0.25,0.25,0.5
1,2,4,15,3,6,0.5,0.0,0.5
1,3,4,15,1,4,0.25,0.25,0.5
1,4,4,15,2,7,0.75,0.25,0.0
1,5,4,15,2,5,0.75,0.0,0.25
1,6,4,15,4,11,0.0,0.0,1.0
1,7,4,15,3,5,0.5,0.0,0.5
1,8,4,15,1,6,0.25,0.5,0.25
1,9,4,15,2,5,0.25,0.0,0.75
1,10,4,15,3,6,0.5,0.0,0.5
1,11,4,15,4,7,0.5,0.0,0.5
1,12,4,15,1,6,0.25,0.25,0.5
1,13,4,15,2,5,0.25,0.25,0.5
1,14,4,15,3,5,0.5,0.25,0.25
1,15,4,15,2,6,0.25,0.75,0.0
1,1,5,15,1,6,0.2,0.2,0.6
1,2,5,15,3,6,0.4,0.0,0.6
1,3,5,15,1,4,0.2,0.2,0.6
1,4,5,15,2,7,0.6,0.2,0.2
1,5,5,15,2,4,0.6,0.0,0.4
1,6,5,15,4,10,0.0,0.0,1.0
1,7,5,15,3,6,0.6,0.0,0.4
1,8,5,15,1,6,0.2,0.4,0.4
1,9,5,15,2,5,0.2,0.0,0.8
1,10,5,15,3,6,0.4,0.0,0.6
1,11,5,15,4,8,0.4,0.0,0.6
1,12,5,15,1,6,0.2,0.2,0.6
1,13,5,15,2,5,0.2,0.2,0.6
1,14,5,15,3,5,0.4,0.4,0.2
1,15,5,15,2,6,0.2,0.8,0.0
2,1,1,21,4,6,0.0,0.0,1.0
2,2,1,21,4,6,1.0,0.0,0.0
2,3,1,21,4,6,0.0,0.0,1.0
2,4,1,21,4,6,1.0,0.0,0.0
2,5,1,21,4,6,1.0,0.0,0.0
2,6,1,21,4,6,0.0,0.0,1.0
2,7,1,21,4,6,1.0,0.0,0.0
2,8,1,21,4,6,0.0,0.0,1.0
2,9,1,21,4,6,0.0,0.0,1.0
2,10,1,21,4,6,1.0,0.0,0.0
2,11,1,21,4,6,1.0,0.0,0.0
2,12,1,21,4,6,1.0,0.0,0.0
2,13,1,21,4,6,1.0,0.0,0.0
2,14,1,21,4,6,0.0,0.0,1.0
2,15,1,21,4,6,1.0,0.0,0.0
2,16,1,21,4,6,1.0,0.0,0.0
2,17,1,21,4,6,0.0,0.0,1.0
2,18,1,21,4,6,0.0,0.0,1.0
2,19,1,21,4,6,1.0,0.0,0.0
2,20,1,21,4,6,0.0,1.0,0.0
2,21,1,21,4,6,1.0,0.0,0.0
2,1,2,21,4,6,0.0,0.0,1.0
2,2,2,21,3,6,0.5,0.5,0.0
2,3,2,21,4,6,0.0,0.5,0.5
2,4,2,21,1,7,0.5,0.0,0.5
2,5,2,21,3,6,0.5,0.0,0.5
2,6,2,21,4,6,0.0,0.0,1.0
2,7,2,21,1,6,0.5,0.5,0.0
2,8,2,21,4,6,0.0,0.0,1.0
2,9,2,21,4,6,0.0,0.0,1.0
2,10,2,21,1,6,1.0,0.0,0.0
2,11,2,21,1,6,1.0,0.0,0.0
2,12,2,21,2,6,0.5,0.5,0.0
2,13,2,21,2,6,0.5,0.0,0.5
2,14,2,21,4,6,0.0,0.0,1.0
2,15,2,21,3,6,0.5,0.5,0.0
2,16,2,21,3,6,0.5,0.5,0.0
2,17,2,21,4,6,0.5,0.0,0.5
2,18,2,21,4,5,0.0,0.0,1.0
2,19,2,21,1,6,0.5,0.0,0.5
2,20,2,21,4,6,0.0,1.0,0.0
2,21,2,21,2,6,0.5,0.0,0.5
2,1,3,21,4,6,0.0,0.33,0.67
2,2,3,21,3,5,0.33,0.33,0.33
2,3,3,21,4,6,0.0,0.67,0.33
2,4,3,21,1,7,0.33,0.33,0.33
2,5,3,21,3,6,0.33,0.0,0.67
2,6,3,21,4,5,0.0,0.0,1.0
2,7,3,21,1,6,0.67,0.33,0.0
2,8,3,21,4,6,0.0,0.0,1.0
2,9,3,21,4,6,0.33,0.0,0.67
2,10,3,21,3,6,0.67,0.33,0.0
2,11,3,21,3,7,1.0,0.0,0.0
2,12,3,21,2,8,0.33,0.33,0.33
2,13,3,21,2,5,0.33,0.0,0.67
2,14,3,21,4,6,0.33,0.0,0.67
2,15,3,21,3,5,0.33,0.33,0.33
2,16,3,21,3,6,0.33,0.33,0.33
2,17,3,21,1,6,0.67,0.0,0.33
2,18,3,21,4,4,0.0,0.0,1.0
2,19,3,21,1,8,0.33,0.33,0.33
2,20,3,21,4,6,0.0,1.0,0.0
2,21,3,21,2,6,0.33,0.33,0.33
2,1,4,21,4,6,0.0,0.5,0.5
2,2,4,21,3,5,0.25,0.25,0.5
2,3,4,21,4,4,0.0,0.5,0.5
2,4,4,21,1,8,0.25,0.25,0.5
2,5,4,21,3,6,0.25,0.0,0.75
2,6,4,21,4,5,0.0,0.0,1.0
2,7,4,21,2,7,0.5,0.25,0.25
2,8,4,21,4,7,0.0,0.25,0.75
2,9,4,21,1,6,0.25,0.25,0.5
2,10,4,21,3,6,0.5,0.25,0.25
2,11,4,21,1,6,1.0,0.0,0.0
2,12,4,21,2,10,0.25,0.25,0.5
2,13,4,21,2,5,0.25,0.0,0.75
2,14,4,21,1,6,0.25,0.0,0.75
2,15,4,21,3,5,0.25,0.25,0.5
2,16,4,21,3,7,0.25,0.25,0.5
2,17,4,21,4,5,0.75,0.0,0.25
2,18,4,21,4,4,0.0,0.0,1.0
2,19,4,21,1,8,0.25,0.25,0.5
2,20,4,21,4,6,0.0,1.0,0.0
2,21,4,21,2,6,0.25,0.5,0.25
2,1,5,21,4,5,0.0,0.6,0.4
2,2,5,21,3,5,0.2,0.2,0.6
2,3,5,21,4,5,0.0,0.4,0.6
2,4,5,21,1,9,0.2,0.4,0.4
2,5,5,21,3,6,0.2,0.0,0.8
2,6,5,21,4,5,0.0,0.0,1.0
2,7,5,21,2,7,0.4,0.2,0.4
2,8,5,21,4,7,0.0,0.2,0.8
2,9,5,21,1,6,0.2,0.2,0.6
2,10,5,21,3,5,0.4,0.2,0.4
2,11,5,21,3,6,0.8,0.0,0.2
2,12,5,21,2,10,0.2,0.2,0.6
2,13,5,21,2,6,0.2,0.0,0.8
2,14,5,21,1,6,0.4,0.0,0.6
2,15,5,21,3,5,0.2,0.2,0.6
2,16,5,21,3,7,0.2,0.2,0.6
2,17,5,21,1,4,0.8,0.0,0.2
2,18,5,21,4,4,0.0,0.0,1.0
2,19,5,21,1,8,0.2,0.2,0.6
2,20,5,21,4,6,0.0,0.8,0.2
2,21,5,21,2,6,0.2,0.6,0.2
2,1,6,21,4,5,0.0,0.67,0.33
2,2,6,21,3,4,0.17,0.17,0.67
2,3,6,21,4,6,0.0,0.33,0.67
2,4,6,21,1,9,0.17,0.5,0.33
2,5,6,21,3,6,0.17,0.0,0.83
2,6,6,21,4,4,0.0,0.0,1.0
2,7,6,21,2,7,0.33,0.17,0.5
2,8,6,21,4,8,0.17,0.17,0.67
2,9,6,21,1,6,0.17,0.17,0.67
2,10,6,21,3,5,0.33,0.17,0.5
2,11,6,21,3,6,0.83,0.0,0.17
2,12,6,21,2,10,0.17,0.17,0.67
2,13,6,21,2,6,0.17,0.0,0.83
2,14,6,21,4,6,0.5,0.0,0.5
2,15,6,21,3,5,0.17,0.17,0.67
2,16,6,21,3,7,0.17,0.17,0.67
2,17,6,21,2,4,0.67,0.0,0.33
2,18,6,21,4,4,0.0,0.0,1.0
2,19,6,21,1,8,0.17,0.17,0.67
2,20,6,21,4,7,0.0,0.83,0.17
2,21,6,21,2,5,0.17,0.67,0.17
2,1,7,21,4,4,0.0,0.71,0.29
2,2,7,21,3,4,0.14,0.14,0.71
2,3,7,21,4,6,0.0,0.29,0.71
2,4,7,21,1,9,0.14,0.57,0.29
2,5,7,21,3,6,0.14,0.14,0.71
2,6,7,21,4,5,0.0,0.0,1.0
2,7,7,21,2,7,0.29,0.14,0.57
2,8,7,21,3,8,0.14,0.29,0.57
2,9,7,21,1,6,0.14,0.14,0.71
2,10,7,21,3,5,0.29,0.14,0.57
2,11,7,21,1,7,0.71,0.0,0.29
2,12,7,21,2,10,0.14,0.14,0.71
2,13,7,21,2,6,0.14,0.0,0.86
2,14,7,21,1,6,0.43,0.0,0.57
2,15,7,21,3,5,0.14,0.14,0.71
2,16,7,21,3,7,0.14,0.14,0.71
2,17,7,21,2,5,0.57,0.0,0.43
2,18,7,21,4,5,0.0,0.0,1.0
2,19,7,21,1,7,0.14,0.14,0.71
2,20,7,21,4,7,0.0,0.71,0.29
2,21,7,21,2,5,0.14,0.71,0.14
2,1,8,21,4,5,0.0,0.75,0.25
2,2,8,21,3,4,0.12,0.12,0.75
2,3,8,21,4,6,0.0,0.25,0.75
2,4,8,21,1,9,0.12,0.5,0.38
2,5,8,21,3,5,0.12,0.12,0.75
2,6,8,21,4,5,0.0,0.0,1.0
2,7,8,21,2,7,0.25,0.12,0.62
2,8,8,21,3,7,0.25,0.25,0.5
2,9,8,21,1,6,0.12,0.12,0.75
2,10,8,21,3,5,0.25,0.12,0.62
2,11,8,21,1,7,0.62,0.12,0.25
2,12,8,21,2,10,0.12,0.12,0.75
2,13,8,21,2,6,0.12,0.0,0.88
2,14,8,21,1,7,0.38,0.12,0.5
2,15,8,21,3,5,0.12,0.12,0.75
2,16,8,21,3,7,0.12,0.12,0.75
2,17,8,21,2,5,0.5,0.0,0.5
2,18,8,21,4,5,0.0,0.0,1.0
2,19,8,21,1,6,0.12,0.12,0.75
2,20,8,21,4,7,0.0,0.62,0.38
2,21,8,21,2,6,0.12,0.75,0.12
2,1,9,21,4,5,0.0,0.67,0.33
2,2,9,21,3,3,0.11,0.11,0.78
2,3,9,21,4,6,0.0,0.33,0.67
2,4,9,21,1,8,0.11,0.56,0.33
2,5,9,21,3,5,0.11,0.11,0.78
2,6,9,21,4,5,0.0,0.0,1.0
2,7,9,21,2,8,0.22,0.11,0.67
2,8,9,21,1,7,0.22,0.22,0.56
2,9,9,21,1,6,0.11,0.22,0.67
2,10,9,21,3,5,0.22,0.11,0.67
2,11,9,21,1,8,0.67,0.11,0.22
2,12,9,21,2,10,0.11,0.11,0.78
2,13,9,21,2,6,0.11,0.0,0.89
2,14,9,21,1,8,0.33,0.11,0.56
2,15,9,21,3,5,0.11,0.11,0.78
2,16,9,21,3,7,0.11,0.11,0.78
2,17,9,21,2,5,0.44,0.0,0.56
2,18,9,21,4,5,0.0,0.0,1.0
2,19,9,21,1,6,0.11,0.11,0.78
2,20,9,21,4,8,0.0,0.56,0.44
2,21,9,21,2,6,0.11,0.78,0.11
2,1,10,21,4,5,0.0,0.6,0.4
2,2,10,21,3,3,0.1,0.1,0.8
2,3,10,21,4,6,0.0,0.4,0.6
2,4,10,21,1,8,0.1,0.5,0.4
2,5,10,21,3,5,0.1,0.1,0.8
2,6,10,21,4,5,0.0,0.0,1.0
2,7,10,21,2,8,0.2,0.1,0.7
2,8,10,21,1,5,0.2,0.3,0.5
2,9,10,21,1,6,0.1,0.2,0.7
2,10,10,21,3,6,0.2,0.1,0.7
2,11,10,21,3,7,0.6,0.1,0.3
2,12,10,21,2,10,0.1,0.1,0.8
2,13,10,21,2,7,0.1,0.0,0.9
2,14,10,21,1,8,0.4,0.1,0.5
2,15,10,21,3,6,0.1,0.1,0.8
2,16,10,21,3,7,0.1,0.1,0.8
2,17,10,21,2,5,0.4,0.0,0.6
2,18,10,21,4,6,0.0,0.0,1.0
2,19,10,21,1,6,0.2,0.1,0.7
2,20,10,21,4,8,0.0,0.5,0.5
2,21,10,21,2,5,0.1,0.8,0.1
2,1,11,21,4,5,0.0,0.55,0.45
2,2,11,21,3,3,0.09,0.09,0.82
2,3,11,21,4,8,0.0,0.36,0.64
2,4,11,21,1,8,0.09,0.45,0.45
2,5,11,21,3,5,0.18,0.09,0.73
2,6,11,21,4,5,0.0,0.0,1.0
2,7,11,21,2,7,0.18,0.09,0.73
2,8,11,21,1,5,0.18,0.27,0.55
2,9,11,21,1,6,0.09,0.18,0.73
2,10,11,21,3,5,0.18,0.09,0.73
2,11,11,21,3,6,0.55,0.09,0.36
2,12,11,21,2,10,0.09,0.09,0.82
2,13,11,21,2,7,0.09,0.0,0.91
2,14,11,21,4,8,0.45,0.09,0.45
2,15,11,21,3,7,0.09,0.09,0.82
2,16,11,21,3,7,0.09,0.09,0.82
2,17,11,21,2,5,0.36,0.0,0.64
2,18,11,21,4,6,0.0,0.0,1.0
2,19,11,21,2,6,0.18,0.09,0.73
2,20,11,21,4,8,0.0,0.55,0.45
2,21,11,21,2,5,0.18,0.73,0.09
2,1,12,21,4,5,0.0,0.5,0.5
2,2,12,21,3,3,0.08,0.08,0.83
2,3,12,21,4,8,0.0,0.33,0.67
2,4,12,21,1,8,0.08,0.42,0.5
2,5,12,21,1,5,0.17,0.08,0.75
2,6,12,21,4,5,0.0,0.0,1.0
2,7,12,21,2,7,0.17,0.08,0.75
2,8,12,21,1,5,0.25,0.25,0.5
2,9,12,21,1,7,0.08,0.17,0.75
2,10,12,21,3,5,0.17,0.17,0.67
2,11,12,21,3,6,0.5,0.08,0.42
2,12,12,21,2,10,0.08,0.08,0.83
2,13,12,21,2,7,0.08,0.0,0.92
2,14,12,21,1,7,0.5,0.08,0.42
2,15,12,21,3,7,0.08,0.08,0.83
2,16,12,21,3,7,0.08,0.08,0.83
2,17,12,21,2,5,0.33,0.0,0.67
2,18,12,21,4,6,0.0,0.0,1.0
2,19,12,21,2,6,0.17,0.08,0.75
2,20,12,21,4,8,0.0,0.5,0.5
2,21,12,21,1,5,0.25,0.67,0.08
2,1,13,21,4,5,0.0,0.46,0.54
2,2,13,21,3,3,0.08,0.08,0.85
2,3,13,21,4,8,0.0,0.31,0.69
2,4,13,21,1,8,0.08,0.46,0.46
2,5,13,21,1,5,0.15,0.08,0.77
2,6,13,21,4,5,0.0,0.0,1.0
2,7,13,21,2,7,0.15,0.08,0.77
2,8,13,21,4,5,0.23,0.31,0.46
2,9,13,21,1,7,0.08,0.15,0.77
2,10,13,21,3,5,0.23,0.15,0.62
2,11,13,21,3,6,0.54,0.08,0.38
2,12,13,21,2,9,0.08,0.08,0.85
2,13,13,21,2,7,0.08,0.0,0.92
2,14,13,21,4,7,0.46,0.08,0.46
2,15,13,21,3,7,0.08,0.08,0.85
2,16,13,21,3,7,0.08,0.08,0.85
2,17,13,21,2,5,0.31,0.0,0.69
2,18,13,21,4,6,0.0,0.0,1.0
2,19,13,21,2,6,0.15,0.08,0.77
2,20,13,21,4,8,0.0,0.46,0.54
2,21,13,21,3,6,0.23,0.69,0.08
2,1,14,21,4,5,0.0,0.43,0.57
2,2,14,21,3,3,0.07,0.07,0.86
2,3,14,21,4,8,0.0,0.29,0.71
2,4,14,21,1,8,0.07,0.5,0.43
2,5,14,21,1,5,0.14,0.07,0.79
2,6,14,21,4,5,0.0,0.0,1.0
2,7,14,21,2,7,0.14,0.07,0.79
2,8,14,21,4,6,0.21,0.36,0.43
2,9,14,21,1,7,0.07,0.14,0.79
2,10,14,21,4,3,0.21,0.14,0.64
2,11,14,21,1,5,0.5,0.07,0.43
2,12,14,21,2,9,0.07,0.07,0.86
2,13,14,21,2,7,0.07,0.0,0.93
2,14,14,21,4,7,0.43,0.07,0.5
2,15,14,21,3,7,0.07,0.07,0.86
2,16,14,21,3,8,0.07,0.07,0.86
2,17,14,21,2,5,0.29,0.0,0.71
2,18,14,21,4,7,0.0,0.0,1.0
2,19,14,21,2,6,0.14,0.07,0.79
2,20,14,21,4,8,0.0,0.43,0.57
2,21,14,21,3,6,0.21,0.64,0.14
2,1,15,21,4,5,0.0,0.4,0.6
2,2,15,21,3,3,0.07,0.07,0.87
2,3,15,21,4,8,0.0,0.27,0.73
2,4,15,21,1,8,0.07,0.47,0.47
2,5,15,21,1,5,0.13,0.07,0.8
2,6,15,21,4,5,0.0,0.0,1.0
2,7,15,21,2,7,0.13,0.07,0.8
2,8,15,21,4,6,0.2,0.33,0.47
2,9,15,21,1,7,0.07,0.13,0.8
2,10,15,21,4,4,0.2,0.13,0.67
2,11,15,21,1,5,0.47,0.07,0.47
2,12,15,21,2,9,0.07,0.07,0.87
2,13,15,21,2,7,0.07,0.0,0.93
2,14,15,21,4,7,0.47,0.07,0.47
2,15,15,21,3,7,0.07,0.07,0.87
2,16,15,21,3,8,0.07,0.07,0.87
2,17,15,21,2,5,0.27,0.0,0.73
2,18,15,21,4,6,0.0,0.0,1.0
2,19,15,21,2,5,0.13,0.07,0.8
2,20,15,21,4,9,0.0,0.4,0.6
2,21,15,21,3,6,0.2,0.6,0.2
3,1,1,16,4,6,1.0,0.0,0.0
3,2,1,16,4,6,0.0,0.0,1.0
3,3,1,16,4,6,1.0,0.0,0.0
3,4,1,16,4,6,1.0,0.0,0.0
3,5,1,16,4,6,1.0,0.0,0.0
3,6,1,16,4,6,0.0,1.0,0.0
3,7,1,16,4,6,1.0,0.0,0.0
3,8,1,16,4,6,1.0,0.0,0.0
3,9,1,16,4,6,1.0,0.0,0.0
3,10,1,16,4,6,1.0,0.0,0.0
3,11,1,16,4,6,1.0,0.0,0.0
3,12,1,16,4,6,1.0,0.0,0.0
3,13,1,16,4,6,1.0,0.0,0.0
3,14,1,16,4,6,0.0,0.0,1.0
3,15,1,16,4,6,1.0,0.0,0.0
3,16,1,16,4,6,1.0,0.0,0.0
3,1,2,16,3,6,1.0,0.0,0.0
3,2,2,16,4,6,0.5,0.0,0.5
3,3,2,16,3,5,1.0,0.0,0.0
3,4,2,16,3,6,0.5,0.5,0.0
3,5,2,16,1,6,0.5,0.5,0.0
3,6,2,16,4,6,0.5,0.5,0.0
3,7,2,16,1,6,0.5,0.5,0.0
3,8,2,16,2,6,0.5,0.0,0.5
3,9,2,16,2,6,0.5,0.5,0.0
3,10,2,16,3,7,0.5,0.0,0.5
3,11,2,16,2,6,0.5,0.0,0.5
3,12,2,16,2,6,1.0,0.0,0.0
3,13,2,16,2,6,1.0,0.0,0.0
3,14,2,16,4,6,0.0,0.0,1.0
3,15,2,16,3,6,0.5,0.0,0.5
3,16,2,16,2,6,1.0,0.0,0.0
3,1,3,16,1,7,0.67,0.0,0.33
3,2,3,16,3,6,0.67,0.0,0.33
3,3,3,16,4,5,0.67,0.0,0.33
3,4,3,16,3,6,0.67,0.33,0.0
3,5,3,16,1,5,0.33,0.67,0.0
3,6,3,16,1,6,0.33,0.33,0.33
3,7,3,16,1,6,0.67,0.33,0.0
3,8,3,16,2,6,0.67,0.0,0.33
3,9,3,16,2,6,0.33,0.67,0.0
3,10,3,16,3,7,0.67,0.0,0.33
3,11,3,16,2,6,0.33,0.33,0.33
3,12,3,16,1,5,0.67,0.0,0.33
3,13,3,16,4,6,0.67,0.0,0.33
3,14,3,16,4,6,0.0,0.33,0.67
3,15,3,16,3,7,0.67,0.0,0.33
3,16,3,16,1,6,1.0,0.0,0.0
3,1,4,16,1,7,0.75,0.0,0.25
3,2,4,16,1,6,0.75,0.0,0.25
3,3,4,16,4,7,0.5,0.25,0.25
3,4,4,16,4,6,0.5,0.5,0.0
3,5,4,16,1,5,0.5,0.5,0.0
3,6,4,16,1,6,0.5,0.25,0.25
3,7,4,16,4,6,0.75,0.25,0.0
3,8,4,16,4,6,0.5,0.0,0.5
3,9,4,16,2,6,0.25,0.75,0.0
3,10,4,16,1,7,0.5,0.0,0.5
3,11,4,16,2,6,0.25,0.25,0.5
3,12,4,16,1,5,0.5,0.0,0.5
3,13,4,16,4,6,0.5,0.0,0.5
3,14,4,16,4,6,0.0,0.25,0.75
3,15,4,16,2,7,0.75,0.0,0.25
3,16,4,16,2,6,0.75,0.25,0.0
3,1,5,16,3,7,0.6,0.0,0.4
3,2,5,16,2,6,0.8,0.0,0.2
3,3,5,16,4,7,0.4,0.2,0.4
3,4,5,16,4,6,0.6,0.4,0.0
3,5,5,16,3,5,0.4,0.4,0.2
3,6,5,16,4,7,0.4,0.4,0.2
3,7,5,16,3,5,0.6,0.4,0.0
3,8,5,16,4,6,0.4,0.0,0.6
3,9,5,16,2,6,0.2,0.8,0.0
3,10,5,16,1,8,0.6,0.0,0.4
3,11,5,16,2,7,0.2,0.2,0.6
3,12,5,16,1,5,0.4,0.2,0.4
3,13,5,16,4,7,0.4,0.0,0.6
3,14,5,16,4,6,0.0,0.2,0.8
3,15,5,16,3,6,0.6,0.0,0.4
3,16,5,16,2,6,0.6,0.4,0.0
3,1,6,16,3,7,0.5,0.17,0.33
3,2,6,16,3,4,0.67,0.0,0.33
3,3,6,16,4,7,0.5,0.17,0.33
3,4,6,16,3,5,0.5,0.5,0.0
3,5,6,16,3,6,0.5,0.33,0.17
3,6,6,16,4,7,0.5,0.33,0.17
3,7,6,16,3,5,0.5,0.5,0.0
3,8,6,16,4,6,0.5,0.0,0.5
3,9,6,16,2,6,0.17,0.67,0.17
3,10,6,16,4,8,0.67,0.0,0.33
3,11,6,16,2,9,0.17,0.17,0.67
3,12,6,16,1,5,0.33,0.17,0.5
3,13,6,16,4,7,0.33,0.0,0.67
3,14,6,16,4,6,0.0,0.17,0.83
3,15,6,16,3,6,0.5,0.17,0.33
3,16,6,16,2,6,0.5,0.33,0.17
3,1,7,16,3,7,0.43,0.29,0.29
3,2,7,16,3,4,0.71,0.0,0.29
3,3,7,16,1,7,0.43,0.14,0.43
3,4,7,16,3,3,0.57,0.43,0.0
3,5,7,16,2,5,0.43,0.43,0.14
3,6,7,16,3,7,0.57,0.29,0.14
3,7,7,16,3,5,0.57,0.43,0.0
3,8,7,16,1,6,0.43,0.0,0.57
3,9,7,16,2,8,0.14,0.71,0.14
3,10,7,16,2,8,0.57,0.0,0.43
3,11,7,16,2,9,0.14,0.29,0.57
3,12,7,16,1,6,0.29,0.14,0.57
3,13,7,16,4,7,0.29,0.0,0.71
3,14,7,16,4,6,0.0,0.14,0.86
3,15,7,16,3,6,0.57,0.14,0.29
3,16,7,16,2,6,0.43,0.43,0.14
3,1,8,16,3,7,0.5,0.25,0.25
3,2,8,16,2,5,0.62,0.0,0.38
3,3,8,16,1,7,0.38,0.12,0.5
3,4,8,16,1,3,0.5,0.38,0.12
3,5,8,16,2,5,0.5,0.38,0.12
3,6,8,16,1,7,0.62,0.25,0.12
3,7,8,16,4,6,0.5,0.38,0.12
3,8,8,16,1,6,0.38,0.0,0.62
3,9,8,16,2,8,0.12,0.75,0.12
3,10,8,16,2,6,0.62,0.0,0.38
3,11,8,16,2,9,0.12,0.38,0.5
3,12,8,16,1,8,0.25,0.12,0.62
3,13,8,16,4,8,0.25,0.0,0.75
3,14,8,16,4,6,0.0,0.12,0.88
3,15,8,16,2,5,0.5,0.12,0.38
3,16,8,16,2,6,0.38,0.38,0.25
3,1,9,16,2,8,0.44,0.33,0.22
3,2,9,16,2,4,0.67,0.0,0.33
3,3,9,16,1,7,0.44,0.11,0.44
3,4,9,16,1,4,0.44,0.33,0.22
3,5,9,16,3,5,0.44,0.44,0.11
3,6,9,16,4,7,0.56,0.33,0.11
3,7,9,16,4,6,0.44,0.44,0.11
3,8,9,16,1,6,0.33,0.0,0.67
3,9,9,16,2,8,0.22,0.67,0.11
3,10,9,16,1,5,0.56,0.0,0.44
3,11,9,16,2,9,0.11,0.44,0.44
3,12,9,16,1,8,0.22,0.11,0.67
3,13,9,16,4,8,0.22,0.0,0.78
3,14,9,16,4,6,0.0,0.11,0.89
3,15,9,16,2,5,0.44,0.22,0.33
3,16,9,16,2,6,0.33,0.44,0.22
3,1,10,16,2,7,0.4,0.3,0.3
3,2,10,16,1,3,0.7,0.0,0.3
3,3,10,16,4,7,0.4,0.1,0.5
3,4,10,16,1,5,0.4,0.3,0.3
3,5,10,16,3,7,0.4,0.4,0.2
3,6,10,16,4,8,0.6,0.3,0.1
3,7,10,16,4,6,0.5,0.4,0.1
3,8,10,16,1,6,0.3,0.1,0.6
3,9,10,16,3,6,0.2,0.6,0.2
3,10,10,16,1,6,0.5,0.0,0.5
3,11,10,16,2,9,0.1,0.4,0.5
3,12,10,16,1,8,0.2,0.1,0.7
3,13,10,16,4,8,0.2,0.0,0.8
3,14,10,16,4,6,0.0,0.2,0.8
3,15,10,16,2,6,0.4,0.3,0.3
3,16,10,16,2,6,0.3,0.4,0.3
3,1,11,16,2,7,0.36,0.36,0.27
3,2,11,16,2,3,0.64,0.0,0.36
3,3,11,16,4,7,0.36,0.09,0.55
3,4,11,16,1,5,0.36,0.27,0.36
3,5,11,16,3,7,0.36,0.45,0.18
3,6,11,16,1,6,0.55,0.36,0.09
3,7,11,16,3,6,0.45,0.36,0.18
3,8,11,16,1,7,0.27,0.18,0.55
3,9,11,16,3,6,0.18,0.55,0.27
3,10,11,16,1,5,0.45,0.0,0.55
3,11,11,16,2,9,0.09,0.36,0.55
3,12,11,16,1,8,0.18,0.09,0.73
3,13,11,16,4,8,0.18,0.0,0.82
3,14,11,16,4,6,0.0,0.18,0.82
3,15,11,16,2,6,0.36,0.36,0.27
3,16,11,16,2,6,0.27,0.36,0.36
4,1,1,22,4,6,1.0,0.0,0.0
4,2,1,22,4,6,1.0,0.0,0.0
4,3,1,22,4,6,1.0,0.0,0.0
4,4,1,22,4,6,1.0,0.0,0.0
4,5,1,22,4,6,1.0,0.0,0.0
4,6,1,22,4,6,1.0,0.0,0.0
4,7,1,22,4,6,1.0,0.0,0.0
4,8,1,22,4,6,0.0,0.0,1.0
4,9,1,22,4,6,1.0,0.0,0.0
4,10,1,22,4,6,1.0,0.0,0.0
4,11,1,22,4,6,1.0,0.0,0.0
4,12,1,22,4,6,1.0,0.0,0.0
4,13,1,22,4,6,1.0,0.0,0.0
4,14,1,22,4,6,1.0,0.0,0.0
4,15,1,22,4,6,1.0,0.0,0.0
4,16,1,22,4,6,1.0,0.0,0.0
4,17,1,22,4,6,1.0,0.0,0.0
4,18,1,22,4,6,1.0,0.0,0.0
4,19,1,22,4,6,1.0,0.0,0.0
4,20,1,22,4,6,1.0,0.0,0.0
4,21,1,22,4,6,1.0,0.0,0.0
4,22,1,22,4,6,0.0,0.0,1.0
4,1,2,22,1,6,0.5,0.5,0.0
4,2,2,22,3,6,0.5,0.0,0.5
4,3,2,22,3,6,0.5,0.0,0.5
4,4,2,22,2,6,1.0,0.0,0.0
4,5,2,22,2,6,0.5,0.5,0.0
4,6,2,22,1,6,1.0,0.0,0.0
4,7,2,22,1,6,0.5,0.5,0.0
4,8,2,22,4,6,0.0,0.0,1.0
4,9,2,22,3,6,0.5,0.5,0.0
4,10,2,22,3,6,0.5,0.5,0.0
4,11,2,22,3,6,1.0,0.0,0.0
4,12,2,22,1,6,0.5,0.5,0.0
4,13,2,22,1,6,0.5,0.0,0.5
4,14,2,22,1,6,0.5,0.0,0.5
4,15,2,22,3,6,0.5,0.5,0.0
4,16,2,22,2,6,0.5,0.0,0.5
4,17,2,22,3,6,0.5,0.0,0.5
4,18,2,22,1,6,0.5,0.0,0.5
4,19,2,22,3,6,1.0,0.0,0.0
4,20,2,22,3,6,1.0,0.0,0.0
4,21,2,22,1,6,0.5,0.0,0.5
4,22,2,22,4,6,0.0,0.0,1.0
4,1,3,22,1,6,0.33,0.67,0.0
4,2,3,22,3,6,0.67,0.0,0.33
4,3,3,22,3,6,0.33,0.33,0.33
4,4,3,22,1,6,1.0,0.0,0.0
4,5,3,22,2,6,0.33,0.33,0.33
4,6,3,22,1,5,0.67,0.33,0.0
4,7,3,22,1,6,0.33,0.33,0.33
4,8,3,22,4,6,0.0,0.0,1.0
4,9,3,22,3,7,0.33,0.67,0.0
4,10,3,22,3,6,0.33,0.33,0.33
4,11,3,22,2,6,0.67,0.0,0.33
4,12,3,22,1,6,0.33,0.67,0.0
4,13,3,22,1,5,0.33,0.0,0.67
4,14,3,22,1,6,0.67,0.0,0.33
4,15,3,22,3,6,0.33,0.33,0.33
4,16,3,22,2,8,0.33,0.33,0.33
4,17,3,22,3,6,0.33,0.33,0.33
4,18,3,22,1,6,0.33,0.33,0.33
4,19,3,22,2,6,0.67,0.0,0.33
4,20,3,22,2,6,0.67,0.33,0.0
4,21,3,22,1,5,0.33,0.33,0.33
4,22,3,22,4,8,0.0,0.0,1.0
4,1,4,22,1,6,0.25,0.5,0.25
4,2,4,22,4,7,0.75,0.0,0.25
4,3,4,22,3,6,0.25,0.25,0.5
4,4,4,22,4,3,1.0,0.0,0.0
4,5,4,22,2,6,0.25,0.25,0.5
4,6,4,22,1,4,0.5,0.5,0.0
4,7,4,22,1,6,0.5,0.25,0.25
4,8,4,22,4,11,0.0,0.0,1.0
4,9,4,22,3,7,0.25,0.75,0.0
4,10,4,22,3,7,0.25,0.25,0.5
4,11,4,22,2,6,0.5,0.0,0.5
4,12,4,22,1,6,0.25,0.5,0.25
4,13,4,22,1,5,0.25,0.0,0.75
4,14,4,22,3,5,0.75,0.0,0.25
4,15,4,22,3,6,0.25,0.5,0.25
4,16,4,22,2,8,0.25,0.25,0.5
4,17,4,22,3,7,0.25,0.5,0.25
4,18,4,22,1,6,0.25,0.25,0.5
4,19,4,22,2,3,0.75,0.0,0.25
4,20,4,22,2,6,0.5,0.25,0.25
4,21,4,22,1,4,0.25,0.25,0.5
4,22,4,22,4,9,0.0,0.25,0.75
4,1,5,22,1,6,0.2,0.4,0.4
4,2,5,22,3,6,0.6,0.0,0.4
4,3,5,22,3,6,0.2,0.4,0.4
4,4,5,22,2,4,1.0,0.0,0.0
4,5,5,22,2,6,0.2,0.2,0.6
4,6,5,22,1,4,0.4,0.6,0.0
4,7,5,22,2,6,0.6,0.2,0.2
4,8,5,22,4,11,0.0,0.0,1.0
4,9,5,22,3,7,0.2,0.8,0.0
4,10,5,22,3,7,0.2,0.2,0.6
4,11,5,22,2,6,0.4,0.0,0.6
4,12,5,22,1,7,0.2,0.4,0.4
4,13,5,22,1,5,0.4,0.0,0.6
4,14,5,22,1,3,0.6,0.0,0.4
4,15,5,22,3,6,0.2,0.4,0.4
4,16,5,22,2,7,0.2,0.2,0.6
4,17,5,22,3,7,0.2,0.6,0.2
4,18,5,22,1,6,0.2,0.2,0.6
4,19,5,22,3,4,0.6,0.0,0.4
4,20,5,22,2,7,0.4,0.2,0.4
4,21,5,22,1,4,0.2,0.2,0.6
4,22,5,22,4,9,0.0,0.2,0.8
5,1,1,18,4,6,0.0,0.0,1.0
5,2,1,18,4,6,1.0,0.0,0.0
5,3,1,18,4,6,1.0,0.0,0.0
5,4,1,18,4,6,1.0,0.0,0.0
5,5,1,18,4,6,1.0,0.0,0.0
5,6,1,18,4,6,1.0,0.0,0.0
5,7,1,18,4,6,0.0,1.0,0.0
5,8,1,18,4,6,1.0,0.0,0.0
5,9,1,18,4,6,1.0,0.0,0.0
5,10,1,18,4,6,1.0,0.0,0.0
5,11,1,18,4,6,1.0,0.0,0.0
5,12,1,18,4,6,1.0,0.0,0.0
5,13,1,18,4,6,1.0,0.0,0.0
5,14,1,18,4,6,1.0,0.0,0.0
5,15,1,18,4,6,1.0,0.0,0.0
5,16,1,18,4,6,0.0,1.0,0.0
5,17,1,18,4,6,1.0,0.0,0.0
5,18,1,18,4,6,0.0,1.0,0.0
5,1,2,18,4,5,0.5,0.0,0.5
5,2,2,18,3,5,0.5,0.0,0.5
5,3,2,18,3,6,1.0,0.0,0.0
5,4,2,18,1,7,0.5,0.0,0.5
5,5,2,18,1,6,0.5,0.0,0.5
5,6,2,18,1,5,0.5,0.5,0.0
5,7,2,18,4,7,0.5,0.5,0.0
5,8,2,18,3,6,1.0,0.0,0.0
5,9,2,18,2,6,0.5,0.0,0.5
5,10,2,18,1,6,1.0,0.0,0.0
5,11,2,18,1,7,1.0,0.0,0.0
5,12,2,18,3,6,0.5,0.5,0.0
5,13,2,18,1,6,1.0,0.0,0.0
5,14,2,18,3,6,0.5,0.5,0.0
5,15,2,18,3,6,0.5,0.5,0.0
5,16,2,18,4,6,0.0,1.0,0.0
5,17,2,18,1,6,0.5,0.0,0.5
5,18,2,18,4,6,0.5,0.5,0.0
5,1,3,18,2,5,0.33,0.0,0.67
5,2,3,18,3,5,0.33,0.0,0.67
5,3,3,18,2,7,0.67,0.33,0.0
5,4,3,18,1,7,0.33,0.33,0.33
5,5,3,18,1,5,0.33,0.0,0.67
5,6,3,18,1,5,0.67,0.33,0.0
5,7,3,18,2,7,0.33,0.67,0.0
5,8,3,18,1,6,0.67,0.33,0.0
5,9,3,18,2,7,0.33,0.33,0.33
5,10,3,18,4,6,0.67,0.33,0.0
5,11,3,18,4,7,0.67,0.33,0.0
5,12,3,18,3,6,0.33,0.67,0.0
5,13,3,18,2,5,0.67,0.0,0.33
5,14,3,18,3,5,0.33,0.67,0.0
5,15,3,18,3,5,0.67,0.33,0.0
5,16,3,18,4,6,0.0,0.67,0.33
5,17,3,18,1,6,0.33,0.0,0.67
5,18,3,18,3,8,0.33,0.67,0.0
5,1,4,18,2,6,0.25,0.0,0.75
5,2,4,18,3,6,0.25,0.0,0.75
5,3,4,18,2,6,0.5,0.5,0.0
5,4,4,18,1,7,0.25,0.5,0.25
5,5,4,18,1,3,0.5,0.0,0.5
5,6,4,18,4,5,0.5,0.25,0.25
5,7,4,18,2,7,0.25,0.5,0.25
5,8,4,18,1,6,0.5,0.25,0.25
5,9,4,18,2,7,0.25,0.25,0.5
5,10,4,18,4,7,0.5,0.25,0.25
5,11,4,18,4,9,0.5,0.25,0.25
5,12,4,18,3,7,0.25,0.5,0.25
5,13,4,18,2,5,0.5,0.0,0.5
5,14,4,18,3,5,0.25,0.5,0.25
5,15,4,18,4,5,0.5,0.25,0.25
5,16,4,18,4,6,0.0,0.75,0.25
5,17,4,18,1,8,0.25,0.0,0.75
5,18,4,18,3,7,0.25,0.5,0.25
5,1,5,18,2,6,0.2,0.2,0.6
5,2,5,18,3,7,0.2,0.0,0.8
5,3,5,18,2,6,0.4,0.6,0.0
5,4,5,18,1,7,0.2,0.6,0.2
5,5,5,18,4,3,0.6,0.0,0.4
5,6,5,18,4,5,0.4,0.2,0.4
5,7,5,18,2,7,0.2,0.4,0.4
5,8,5,18,1,7,0.6,0.2,0.2
5,9,5,18,2,7,0.2,0.2,0.6
5,10,5,18,4,7,0.4,0.2,0.4
5,11,5,18,4,8,0.4,0.2,0.4
5,12,5,18,3,7,0.2,0.4,0.4
5,13,5,18,2,5,0.4,0.0,0.6
5,14,5,18,3,6,0.4,0.4,0.2
5,15,5,18,4,4,0.4,0.2,0.4
5,16,5,18,4,5,0.0,0.6,0.4
5,17,5,18,1,8,0.2,0.0,0.8
5,18,5,18,3,7,0.2,0.4,0.4
5,1,6,18,2,6,0.17,0.17,0.67
5,2,6,18,3,7,0.17,0.0,0.83
5,3,6,18,2,6,0.33,0.5,0.17
5,4,6,18,1,7,0.17,0.67,0.17
5,5,6,18,1,4,0.67,0.0,0.33
5,6,6,18,4,4,0.5,0.17,0.33
5,7,6,18,2,7,0.17,0.33,0.5
5,8,6,18,4,7,0.5,0.33,0.17
5,9,6,18,2,7,0.33,0.17,0.5
5,10,6,18,4,7,0.33,0.33,0.33
5,11,6,18,4,8,0.5,0.17,0.33
5,12,6,18,3,8,0.17,0.33,0.5
5,13,6,18,2,5,0.5,0.0,0.5
5,14,6,18,2,6,0.5,0.33,0.17
5,15,6,18,4,4,0.33,0.17,0.5
5,16,6,18,4,5,0.0,0.5,0.5
5,17,6,18,1,9,0.17,0.0,0.83
5,18,6,18,3,7,0.17,0.5,0.33
5,1,7,18,2,7,0.14,0.29,0.57
5,2,7,18,3,7,0.29,0.0,0.71
5,3,7,18,2,6,0.29,0.43,0.29
5,4,7,18,1,7,0.14,0.71,0.14
5,5,7,18,2,4,0.57,0.14,0.29
5,6,7,18,1,3,0.57,0.14,0.29
5,7,7,18,2,6,0.14,0.43,0.43
5,8,7,18,4,6,0.43,0.29,0.29
5,9,7,18,1,7,0.43,0.14,0.43
5,10,7,18,4,7,0.29,0.43,0.29
5,11,7,18,1,8,0.57,0.14,0.29
5,12,7,18,3,8,0.14,0.29,0.57
5,13,7,18,1,6,0.57,0.0,0.43
5,14,7,18,3,6,0.43,0.29,0.29
5,15,7,18,4,4,0.43,0.14,0.43
5,16,7,18,4,5,0.0,0.43,0.57
5,17,7,18,1,9,0.14,0.0,0.86
5,18,7,18,3,8,0.14,0.57,0.29
5,1,8,18,2,7,0.12,0.25,0.62
5,2,8,18,1,5,0.38,0.0,0.62
5,3,8,18,2,8,0.25,0.5,0.25
5,4,8,18,1,7,0.12,0.75,0.12
5,5,8,18,2,3,0.5,0.12,0.38
5,6,8,18,3,3,0.5,0.12,0.38
5,7,8,18,2,6,0.12,0.38,0.5
5,8,8,18,4,7,0.38,0.25,0.38
5,9,8,18,2,6,0.5,0.12,0.38
5,10,8,18,4,7,0.25,0.5,0.25
5,11,8,18,4,8,0.5,0.25,0.25
5,12,8,18,3,8,0.12,0.25,0.62
5,13,8,18,2,6,0.5,0.0,0.5
5,14,8,18,3,6,0.5,0.25,0.25
5,15,8,18,2,4,0.38,0.25,0.38
5,16,8,18,4,6,0.0,0.38,0.62
5,17,8,18,1,9,0.12,0.12,0.75
5,18,8,18,3,8,0.12,0.62,0.25
5,1,9,18,2,7,0.11,0.22,0.67
5,2,9,18,3,4,0.33,0.0,0.67
5,3,9,18,2,6,0.22,0.44,0.33
5,4,9,18,1,8,0.11,0.78,0.11
5,5,9,18,2,2,0.44,0.11,0.44
5,6,9,18,3,4,0.44,0.11,0.44
5,7,9,18,2,7,0.11,0.33,0.56
5,8,9,18,4,6,0.33,0.22,0.44
5,9,9,18,1,6,0.44,0.22,0.33
5,10,9,18,4,7,0.22,0.56,0.22
5,11,9,18,4,9,0.44,0.22,0.33
5,12,9,18,3,9,0.11,0.22,0.67
5,13,9,18,2,6,0.44,0.0,0.56
5,14,9,18,1,5,0.56,0.22,0.22
5,15,9,18,2,4,0.33,0.22,0.44
5,16,9,18,4,6,0.0,0.33,0.67
5,17,9,18,1,10,0.11,0.22,0.67
5,18,9,18,3,8,0.11,0.67,0.22
5,1,10,18,2,7,0.1,0.2,0.7
5,2,10,18,3,5,0.3,0.0,0.7
5,3,10,18,2,7,0.2,0.4,0.4
5,4,10,18,1,7,0.1,0.8,0.1
5,5,10,18,2,2,0.4,0.2,0.4
5,6,10,18,3,5,0.4,0.1,0.5
5,7,10,18,2,7,0.1,0.3,0.6
5,8,10,18,4,6,0.3,0.3,0.4
5,9,10,18,1,6,0.4,0.2,0.4
5,10,10,18,4,7,0.2,0.6,0.2
5,11,10,18,4,9,0.4,0.2,0.4
5,12,10,18,3,8,0.1,0.2,0.7
5,13,10,18,2,6,0.4,0.0,0.6
5,14,10,18,3,4,0.5,0.3,0.2
5,15,10,18,2,4,0.3,0.2,0.5
5,16,10,18,4,7,0.0,0.3,0.7
5,17,10,18,1,9,0.1,0.2,0.7
5,18,10,18,3,8,0.1,0.7,0.2
5,1,11,18,2,6,0.09,0.27,0.64
5,2,11,18,3,5,0.27,0.0,0.73
5,3,11,18,2,7,0.18,0.36,0.45
5,4,11,18,1,7,0.09,0.82,0.09
5,5,11,18,2,2,0.36,0.18,0.45
5,6,11,18,3,5,0.36,0.09,0.55
5,7,11,18,2,7,0.18,0.27,0.55
5,8,11,18,4,6,0.36,0.27,0.36
5,9,11,18,1,6,0.36,0.18,0.45
5,10,11,18,4,7,0.18,0.64,0.18
5,11,11,18,4,9,0.36,0.18,0.45
5,12,11,18,3,9,0.09,0.27,0.64
5,13,11,18,2,6,0.36,0.0,0.64
5,14,11,18,3,4,0.45,0.36,0.18
5,15,11,18,2,5,0.27,0.27,0.45
5,16,11,18,4,8,0.0,0.36,0.64
5,17,11,18,1,10,0.09,0.18,0.73
5,18,11,18,3,7,0.09,0.64,0.27
5,1,12,18,2,6,0.08,0.25,0.67
5,2,12,18,3,6,0.25,0.08,0.67
5,3,12,18,2,7,0.17,0.33,0.5
5,4,12,18,1,7,0.08,0.83,0.08
5,5,12,18,2,3,0.33,0.17,0.5
5,6,12,18,3,5,0.33,0.17,0.5
5,7,12,18,1,6,0.17,0.25,0.58
5,8,12,18,3,5,0.33,0.33,0.33
5,9,12,18,1,8,0.33,0.17,0.5
5,10,12,18,4,7,0.17,0.67,0.17
5,11,12,18,4,9,0.33,0.17,0.5
5,12,12,18,3,8,0.08,0.33,0.58
5,13,12,18,2,7,0.42,0.0,0.58
5,14,12,18,3,4,0.42,0.33,0.25
5,15,12,18,2,5,0.25,0.33,0.42
5,16,12,18,4,9,0.0,0.33,0.67
5,17,12,18,1,9,0.08,0.17,0.75
5,18,12,18,3,7,0.08,0.58,0.33
6,1,1,25,4,6,0.0,0.0,1.0
6,2,1,25,4,6,0.0,0.0,1.0
6,3,1,25,4,6,0.0,0.0,1.0
6,4,1,25,4,6,1.0,0.0,0.0
6,5,1,25,4,6,0.0,0.0,1.0
6,6,1,25,4,6,1.0,0.0,0.0
6,7,1,25,4,6,1.0,0.0,0.0
6,8,1,25,4,6,1.0,0.0,0.0
6,9,1,25,4,6,0.0,0.0,1.0
6,10,1,25,4,6,1.0,0.0,0.0
6,11,1,25,4,6,1.0,0.0,0.0
6,12,1,25,4,6,1.0,0.0,0.0
6,13,1,25,4,6,1.0,0.0,0.0
6,14,1,25,4,6,0.0,1.0,0.0
6,15,1,25,4,6,0.0,0.0,1.0
6,16,1,25,4,6,1.0,0.0,0.0
6,17,1,25,4,6,1.0,0.0,0.0
6,18,1,25,4,6,1.0,0.0,0.0
6,19,1,25,4,6,0.0,0.0,1.0
6,20,1,25,4,6,1.0,0.0,0.0
6,21,1,25,4,6,1.0,0.0,0.0
6,22,1,25,4,6,0.0,0.0,1.0
6,23,1,25,4,6,1.0,0.0,0.0
6,24,1,25,4,6,1.0,0.0,0.0
6,25,1,25,4,6,1.0,0.0,0.0
6,1,2,25,4,6,0.0,0.0,1.0
6,2,2,25,4,6,0.0,0.0,1.0
6,3,2,25,4,6,0.0,0.0,1.0
6,4,2,25,3,6,0.5,0.5,0.0
6,5,2,25,4,7,0.0,0.0,1.0
6,6,2,25,2,6,0.5,0.0,0.5
6,7,2,25,1,6,0.5,0.0,0.5
6,8,2,25,3,6,0.5,0.5,0.0
6,9,2,25,4,6,0.5,0.0,0.5
6,10,2,25,3,6,0.5,0.5,0.0
6,11,2,25,1,5,0.5,0.5,0.0
6,12,2,25,2,6,0.5,0.0,0.5
6,13,2,25,1,6,0.5,0.5,0.0
6,14,2,25,4,6,0.0,1.0,0.0
6,15,2,25,4,6,0.5,0.0,0.5
6,16,2,25,2,6,0.5,0.0,0.5
6,17,2,25,1,6,0.5,0.0,0.5
6,18,2,25,3,6,0.5,0.0,0.5
6,19,2,25,4,6,0.0,0.0,1.0
6,20,2,25,2,6,0.5,0.0,0.5
6,21,2,25,1,6,0.5,0.0,0.5
6,22,2,25,4,6,0.0,0.5,0.5
6,23,2,25,2,6,0.5,0.5,0.0
6,24,2,25,4,6,1.0,0.0,0.0
6,25,2,25,3,6,0.5,0.0,0.5
6,1,3,25,4,7,0.0,0.33,0.67
6,2,3,25,4,6,0.33,0.0,0.67
6,3,3,25,4,5,0.33,0.0,0.67
6,4,3,25,3,7,0.33,0.67,0.0
6,5,3,25,4,7,0.33,0.0,0.67
6,6,3,25,2,8,0.33,0.0,0.67
6,7,3,25,1,7,0.33,0.0,0.67
6,8,3,25,3,6,0.33,0.33,0.33
6,9,3,25,2,6,0.33,0.0,0.67
6,10,3,25,3,6,0.33,0.33,0.33
6,11,3,25,1,5,0.67,0.33,0.0
6,12,3,25,2,7,0.33,0.33,0.33
6,13,3,25,1,6,0.33,0.33,0.33
6,14,3,25,4,6,0.0,1.0,0.0
6,15,3,25,3,5,0.33,0.0,0.67
6,16,3,25,2,6,0.33,0.0,0.67
6,17,3,25,1,6,0.33,0.0,0.67
6,18,3,25,3,6,0.33,0.33,0.33
6,19,3,25,4,5,0.0,0.0,1.0
6,20,3,25,2,5,0.33,0.0,0.67
6,21,3,25,1,7,0.33,0.33,0.33
6,22,3,25,4,7,0.0,0.33,0.67
6,23,3,25,2,6,0.33,0.67,0.0
6,24,3,25,1,6,0.67,0.33,0.0
6,25,3,25,3,6,0.33,0.0,0.67
6,1,4,25,4,8,0.0,0.25,0.75
6,2,4,25,2,4,0.5,0.0,0.5
6,3,4,25,2,6,0.25,0.25,0.5
6,4,4,25,3,7,0.25,0.75,0.0
6,5,4,25,2,7,0.5,0.0,0.5
6,6,4,25,2,7,0.5,0.0,0.5
6,7,4,25,1,8,0.25,0.0,0.75
6,8,4,25,3,7,0.25,0.25,0.5
6,9,4,25,2,5,0.25,0.0,0.75
6,10,4,25,3,6,0.25,0.25,0.5
6,11,4,25,4,5,0.5,0.5,0.0
6,12,4,25,2,7,0.25,0.25,0.5
6,13,4,25,1,6,0.25,0.5,0.25
6,14,4,25,4,6,0.0,0.75,0.25
6,15,4,25,3,4,0.25,0.0,0.75
6,16,4,25,2,7,0.25,0.0,0.75
6,17,4,25,1,6,0.25,0.0,0.75
6,18,4,25,3,7,0.25,0.25,0.5
6,19,4,25,4,5,0.0,0.0,1.0
6,20,4,25,2,6,0.25,0.25,0.5
6,21,4,25,1,7,0.25,0.25,0.5
6,22,4,25,4,7,0.0,0.25,0.75
6,23,4,25,2,6,0.25,0.5,0.25
6,24,4,25,1,6,0.5,0.25,0.25
6,25,4,25,3,6,0.25,0.0,0.75
6,1,5,25,4,8,0.0,0.2,0.8
6,2,5,25,4,4,0.4,0.2,0.4
6,3,5,25,2,7,0.2,0.2,0.6
6,4,5,25,3,7,0.2,0.8,0.0
6,5,5,25,4,7,0.4,0.2,0.4
6,6,5,25,1,6,0.4,0.2,0.4
6,7,5,25,1,8,0.2,0.2,0.6
6,8,5,25,3,7,0.2,0.2,0.6
6,9,5,25,2,5,0.2,0.0,0.8
6,10,5,25,3,6,0.2,0.2,0.6
6,11,5,25,4,5,0.6,0.4,0.0
6,12,5,25,2,5,0.2,0.4,0.4
6,13,5,25,1,6,0.2,0.4,0.4
6,14,5,25,4,6,0.0,0.6,0.4
6,15,5,25,3,5,0.2,0.0,0.8
6,16,5,25,2,7,0.2,0.0,0.8
6,17,5,25,1,6,0.2,0.0,0.8
6,18,5,25,3,6,0.2,0.2,0.6
6,19,5,25,4,6,0.0,0.0,1.0
6,20,5,25,2,6,0.2,0.2,0.6
6,21,5,25,1,7,0.2,0.2,0.6
6,22,5,25,4,7,0.0,0.2,0.8
6,23,5,25,2,6,0.2,0.4,0.4
6,24,5,25,1,7,0.4,0.2,0.4
6,25,5,25,3,6,0.2,0.0,0.8
7,1,1,26,4,6,0.0,0.0,1.0
7,2,1,26,4,6,0.0,0.0,1.0
7,3,1,26,4,6,1.0,0.0,0.0
7,4,1,26,4,6,0.0,1.0,0.0
7,5,1,26,4,6,0.0,0.0,1.0
7,6,1,26,4,6,1.0,0.0,0.0
7,7,1,26,4,6,0.0,0.0,1.0
7,8,1,26,4,6,1.0,0.0,0.0
7,9,1,26,4,6,0.0,0.0,1.0
7,10,1,26,4,6,1.0,0.0,0.0
7,11,1,26,4,6,1.0,0.0,0.0
7,12,1,26,4,6,0.0,0.0,1.0
7,13,1,26,4,6,0.0,0.0,1.0
7,14,1,26,4,6,1.0,0.0,0.0
7,15,1,26,4,6,1.0,0.0,0.0
7,16,1,26,4,6,0.0,0.0,1.0
7,17,1,26,4,6,1.0,0.0,0.0
7,18,1,26,4,6,1.0,0.0,0.0
7,19,1,26,4,6,1.0,0.0,0.0
7,20,1,26,4,6,0.0,0.0,1.0
7,21,1,26,4,6,1.0,0.0,0.0
7,22,1,26,4,6,1.0,0.0,0.0
7,23,1,26,4,6,1.0,0.0,0.0
7,24,1,26,4,6,1.0,0.0,0.0
7,25,1,26,4,6,1.0,0.0,0.0
7,26,1,26,4,6,1.0,0.0,0.0
7,1,2,26,4,6,0.0,0.0,1.0
7,2,2,26,4,6,0.0,0.0,1.0
7,3,2,26,3,6,0.5,0.5,0.0
7,4,2,26,4,6,0.5,0.5,0.0
7,5,2,26,4,6,0.5,0.0,0.5
7,6,2,26,2,5,0.5,0.0,0.5
7,7,2,26,4,6,0.5,0.0,0.5
7,8,2,26,1,6,0.5,0.5,0.0
7,9,2,26,4,6,0.5,0.0,0.5
7,10,2,26,2,6,0.5,0.5,0.0
7,11,2,26,2,6,0.5,0.0,0.5
7,12,2,26,4,6,0.5,0.0,0.5
7,13,2,26,4,6,0.0,0.5,0.5
7,14,2,26,2,6,0.5,0.5,0.0
7,15,2,26,4,6,1.0,0.0,0.0
7,16,2,26,4,6,0.0,0.0,1.0
7,17,2,26,1,6,0.5,0.0,0.5
7,18,2,26,3,6,0.5,0.5,0.0
7,19,2,26,2,6,0.5,0.0,0.5
7,20,2,26,4,6,0.0,0.0,1.0
7,21,2,26,3,6,0.5,0.0,0.5
7,22,2,26,4,6,0.5,0.5,0.0
7,23,2,26,2,6,0.5,0.0,0.5
7,24,2,26,1,6,1.0,0.0,0.0
7,25,2,26,3,7,0.5,0.5,0.0
7,26,2,26,3,6,0.5,0.5,0.0
7,1,3,26,4,7,0.0,0.33,0.67
7,2,3,26,4,6,0.0,0.0,1.0
7,3,3,26,3,8,0.33,0.33,0.33
7,4,3,26,2,6,0.33,0.33,0.33
7,5,3,26,1,6,0.33,0.33,0.33
7,6,3,26,2,5,0.67,0.0,0.33
7,7,3,26,1,6,0.67,0.0,0.33
7,8,3,26,1,6,0.33,0.33,0.33
7,9,3,26,2,6,0.33,0.0,0.67
7,10,3,26,2,6,0.33,0.67,0.0
7,11,3,26,2,5,0.67,0.0,0.33
7,12,3,26,1,5,0.33,0.0,0.67
7,13,3,26,4,6,0.33,0.33,0.33
7,14,3,26,2,6,0.33,0.67,0.0
7,15,3,26,2,6,1.0,0.0,0.0
7,16,3,26,4,6,0.0,0.33,0.67
7,17,3,26,1,8,0.33,0.0,0.67
7,18,3,26,3,6,0.33,0.33,0.33
7,19,3,26,2,6,0.33,0.0,0.67
7,20,3,26,4,5,0.0,0.0,1.0
7,21,3,26,3,5,0.67,0.0,0.33
7,22,3,26,4,7,0.33,0.33,0.33
7,23,3,26,2,6,0.67,0.0,0.33
7,24,3,26,3,7,0.67,0.33,0.0
7,25,3,26,3,7,0.33,0.67,0.0
7,26,3,26,3,5,0.33,0.67,0.0
7,1,4,26,4,8,0.0,0.25,0.75
7,2,4,26,4,6,0.0,0.0,1.0
7,3,4,26,3,8,0.25,0.25,0.5
7,4,4,26,2,6,0.25,0.5,0.25
7,5,4,26,1,6,0.25,0.25,0.5
7,6,4,26,4,5,0.5,0.0,0.5
7,7,4,26,3,6,0.5,0.25,0.25
7,8,4,26,1,7,0.25,0.5,0.25
7,9,4,26,2,5,0.25,0.25,0.5
7,10,4,26,2,7,0.25,0.5,0.25
7,11,4,26,3,4,0.5,0.25,0.25
7,12,4,26,1,6,0.25,0.0,0.75
7,13,4,26,3,5,0.5,0.25,0.25
7,14,4,26,2,6,0.25,0.5,0.25
7,15,4,26,3,7,1.0,0.0,0.0
7,16,4,26,4,6,0.0,0.25,0.75
7,17,4,26,1,8,0.25,0.0,0.75
7,18,4,26,3,7,0.25,0.5,0.25
7,19,4,26,2,6,0.25,0.25,0.5
7,20,4,26,4,5,0.0,0.0,1.0
7,21,4,26,1,5,0.5,0.0,0.5
7,22,4,26,4,7,0.25,0.25,0.5
7,23,4,26,1,6,0.5,0.25,0.25
7,24,4,26,3,6,0.5,0.5,0.0
7,25,4,26,3,7,0.25,0.5,0.25
7,26,4,26,3,5,0.5,0.5,0.0
7,1,5,26,4,8,0.0,0.2,0.8
7,2,5,26,4,6,0.0,0.0,1.0
7,3,5,26,3,7,0.2,0.2,0.6
7,4,5,26,2,7,0.2,0.6,0.2
7,5,5,26,1,6,0.2,0.4,0.4
7,6,5,26,4,7,0.4,0.0,0.6
7,7,5,26,3,6,0.4,0.2,0.4
7,8,5,26,1,6,0.4,0.4,0.2
7,9,5,26,2,6,0.2,0.4,0.4
7,10,5,26,2,8,0.2,0.4,0.4
7,11,5,26,3,4,0.4,0.2,0.4
7,12,5,26,1,6,0.2,0.0,0.8
7,13,5,26,4,5,0.4,0.4,0.2
7,14,5,26,2,6,0.2,0.4,0.4
7,15,5,26,4,6,0.8,0.2,0.0
7,16,5,26,4,6,0.0,0.4,0.6
7,17,5,26,1,8,0.2,0.0,0.8
7,18,5,26,3,7,0.2,0.4,0.4
7,19,5,26,2,6,0.2,0.4,0.4
7,20,5,26,4,6,0.0,0.2,0.8
7,21,5,26,1,4,0.6,0.0,0.4
7,22,5,26,4,8,0.2,0.2,0.6
7,23,5,26,1,5,0.4,0.2,0.4
7,24,5,26,3,6,0.4,0.6,0.0
7,25,5,26,3,6,0.2,0.4,0.4
7,26,5,26,2,4,0.4,0.4,0.2
7,1,6,26,4,8,0.0,0.17,0.83
7,2,6,26,4,8,0.0,0.0,1.0
7,3,6,26,3,8,0.17,0.17,0.67
7,4,6,26,2,8,0.17,0.5,0.33
7,5,6,26,1,6,0.17,0.33,0.5
7,6,6,26,4,7,0.33,0.0,0.67
7,7,6,26,3,6,0.33,0.17,0.5
7,8,6,26,2,5,0.33,0.5,0.17
7,9,6,26,2,6,0.17,0.33,0.5
7,10,6,26,2,8,0.17,0.33,0.5
7,11,6,26,3,5,0.33,0.33,0.33
7,12,6,26,1,7,0.17,0.0,0.83
7,13,6,26,4,5,0.33,0.33,0.33
7,14,6,26,2,6,0.17,0.33,0.5
7,15,6,26,4,5,0.67,0.17,0.17
7,16,6,26,4,5,0.0,0.33,0.67
7,17,6,26,1,8,0.17,0.0,0.83
7,18,6,26,3,8,0.17,0.33,0.5
7,19,6,26,2,6,0.17,0.33,0.5
7,20,6,26,4,8,0.0,0.17,0.83
7,21,6,26,2,3,0.67,0.0,0.33
7,22,6,26,4,7,0.17,0.17,0.67
7,23,6,26,1,5,0.33,0.17,0.5
7,24,6,26,3,6,0.33,0.5,0.17
7,25,6,26,3,6,0.17,0.33,0.5
7,26,6,26,2,4,0.33,0.33,0.33
7,1,7,26,4,8,0.0,0.14,0.86
7,2,7,26,4,8,0.0,0.0,1.0
7,3,7,26,3,8,0.14,0.14,0.71
7,4,7,26,2,8,0.14,0.43,0.43
7,5,7,26,1,8,0.14,0.29,0.57
7,6,7,26,4,7,0.29,0.0,0.71
7,7,7,26,3,6,0.29,0.14,0.57
7,8,7,26,2,5,0.29,0.43,0.29
7,9,7,26,2,6,0.14,0.29,0.57
7,10,7,26,2,8,0.14,0.29,0.57
7,11,7,26,3,5,0.29,0.43,0.29
7,12,7,26,1,7,0.14,0.0,0.86
7,13,7,26,4,5,0.29,0.29,0.43
7,14,7,26,2,6,0.14,0.29,0.57
7,15,7,26,4,5,0.57,0.14,0.29
7,16,7,26,4,5,0.0,0.29,0.71
7,17,7,26,1,8,0.14,0.0,0.86
7,18,7,26,3,8,0.14,0.43,0.43
7,19,7,26,2,6,0.14,0.29,0.57
7,20,7,26,4,8,0.0,0.14,0.86
7,21,7,26,3,2,0.71,0.0,0.29
7,22,7,26,4,6,0.14,0.14,0.71
7,23,7,26,1,5,0.29,0.14,0.57
7,24,7,26,3,6,0.29,0.57,0.14
7,25,7,26,3,6,0.14,0.29,0.57
7,26,7,26,2,4,0.29,0.29,0.43
8,1,1,22,4,6,0.0,0.0,1.0
8,2,1,22,4,6,1.0,0.0,0.0
8,3,1,22,4,6,0.0,0.0,1.0
8,4,1,22,4,6,1.0,0.0,0.0
8,5,1,22,4,6,1.0,0.0,0.0
8,6,1,22,4,6,1.0,0.0,0.0
8,7,1,22,4,6,1.0,0.0,0.0
8,8,1,22,4,6,1.0,0.0,0.0
8,9,1,22,4,6,1.0,0.0,0.0
8,10,1,22,4,6,0.0,0.0,1.0
8,11,1,22,4,6,1.0,0.0,0.0
8,12,1,22,4,6,1.0,0.0,0.0
8,13,1,22,4,6,1.0,0.0,0.0
8,14,1,22,4,6,1.0,0.0,0.0
8,15,1,22,4,6,1.0,0.0,0.0
8,16,1,22,4,6,1.0,0.0,0.0
8,17,1,22,4,6,0.0,0.0,1.0
8,18,1,22,4,6,1.0,0.0,0.0
8,19,1,22,4,6,1.0,0.0,0.0
8,20,1,22,4,6,1.0,0.0,0.0
8,21,1,22,4,6,1.0,0.0,0.0
8,22,1,22,4,6,0.0,0.0,1.0
8,1,2,22,4,6,0.5,0.0,0.5
8,2,2,22,3,6,1.0,0.0,0.0
8,3,2,22,4,6,0.0,0.0,1.0
8,4,2,22,1,6,0.5,0.0,0.5
8,5,2,22,2,6,0.5,0.0,0.5
8,6,2,22,3,6,0.5,0.0,0.5
8,7,2,22,3,6,0.5,0.5,0.0
8,8,2,22,1,6,0.5,0.5,0.0
8,9,2,22,2,6,0.5,0.0,0.5
8,10,2,22,4,6,0.0,0.0,1.0
8,11,2,22,1,6,0.5,0.5,0.0
8,12,2,22,1,6,0.5,0.5,0.0
8,13,2,22,3,6,0.5,0.0,0.5
8,14,2,22,2,6,0.5,0.0,0.5
8,15,2,22,1,6,0.5,0.5,0.0
8,16,2,22,3,6,0.5,0.0,0.5
8,17,2,22,4,6,0.0,0.0,1.0
8,18,2,22,3,6,0.5,0.0,0.5
8,19,2,22,2,6,1.0,0.0,0.0
8,20,2,22,2,6,1.0,0.0,0.0
8,21,2,22,2,6,1.0,0.0,0.0
8,22,2,22,4,6,0.0,0.0,1.0
8,1,3,22,3,6,0.67,0.0,0.33
8,2,3,22,4,6,1.0,0.0,0.0
8,3,3,22,4,6,0.0,0.0,1.0
8,4,3,22,1,6,0.33,0.0,0.67
8,5,3,22,2,6,0.33,0.0,0.67
8,6,3,22,3,6,0.33,0.33,0.33
8,7,3,22,3,6,0.33,0.33,0.33
8,8,3,22,1,6,0.33,0.33,0.33
8,9,3,22,2,6,0.33,0.0,0.67
8,10,3,22,4,6,0.0,0.0,1.0
8,11,3,22,1,5,0.33,0.33,0.33
8,12,3,22,1,4,0.33,0.33,0.33
8,13,3,22,3,6,0.33,0.0,0.67
8,14,3,22,2,5,0.33,0.0,0.67
8,15,3,22,1,6,0.33,0.33,0.33
8,16,3,22,3,6,0.33,0.33,0.33
8,17,3,22,4,7,0.0,0.0,1.0
8,18,3,22,3,7,0.67,0.0,0.33
8,19,3,22,1,6,0.67,0.0,0.33
8,20,3,22,3,7,1.0,0.0,0.0
8,21,3,22,3,6,0.67,0.33,0.0
8,22,3,22,4,7,0.0,0.0,1.0
8,1,4,22,4,6,0.5,0.25,0.25
8,2,4,22,3,6,1.0,0.0,0.0
8,3,4,22,4,5,0.0,0.25,0.75
8,4,4,22,1,6,0.25,0.0,0.75
8,5,4,22,2,6,0.25,0.0,0.75
8,6,4,22,3,6,0.25,0.5,0.25
8,7,4,22,3,6,0.25,0.25,0.5
8,8,4,22,1,6,0.25,0.25,0.5
8,9,4,22,2,6,0.25,0.0,0.75
8,10,4,22,4,6,0.0,0.0,1.0
8,11,4,22,1,6,0.25,0.25,0.5
8,12,4,22,1,5,0.25,0.25,0.5
8,13,4,22,3,5,0.25,0.0,0.75
8,14,4,22,2,5,0.25,0.0,0.75
8,15,4,22,1,6,0.25,0.25,0.5
8,16,4,22,3,6,0.25,0.25,0.5
8,17,4,22,4,8,0.0,0.0,1.0
8,18,4,22,4,6,0.5,0.0,0.5
8,19,4,22,1,6,0.5,0.0,0.5
8,20,4,22,2,7,0.75,0.0,0.25
8,21,4,22,3,6,0.5,0.25,0.25
8,22,4,22,4,7,0.0,0.0,1.0
8,1,5,22,4,6,0.4,0.4,0.2
8,2,5,22,4,6,0.8,0.2,0.0
8,3,5,22,4,5,0.0,0.2,0.8
8,4,5,22,1,6,0.2,0.0,0.8
8,5,5,22,2,6,0.2,0.0,0.8
8,6,5,22,3,6,0.2,0.4,0.4
8,7,5,22,3,7,0.2,0.2,0.6
8,8,5,22,1,6,0.2,0.2,0.6
8,9,5,22,2,6,0.2,0.0,0.8
8,10,5,22,4,6,0.0,0.0,1.0
8,11,5,22,1,6,0.2,0.2,0.6
8,12,5,22,1,5,0.2,0.2,0.6
8,13,5,22,3,5,0.2,0.0,0.8
8,14,5,22,2,6,0.2,0.0,0.8
8,15,5,22,1,6,0.2,0.2,0.6
8,16,5,22,3,6,0.2,0.2,0.6
8,17,5,22,4,7,0.0,0.0,1.0
8,18,5,22,4,6,0.6,0.0,0.4
8,19,5,22,1,6,0.4,0.0,0.6
8,20,5,22,2,8,0.6,0.0,0.4
8,21,5,22,3,6,0.4,0.2,0.4
8,22,5,22,4,5,0.0,0.0,1.0
8,1,6,22,4,6,0.33,0.5,0.17
8,2,6,22,4,5,0.83,0.17,0.0
8,3,6,22,4,5,0.17,0.17,0.67
8,4,6,22,1,6,0.17,0.0,0.83
8,5,6,22,2,6,0.17,0.0,0.83
8,6,6,22,3,6,0.17,0.33,0.5
8,7,6,22,3,7,0.17,0.17,0.67
8,8,6,22,1,6,0.17,0.17,0.67
8,9,6,22,2,6,0.17,0.0,0.83
8,10,6,22,4,6,0.0,0.0,1.0
8,11,6,22,1,6,0.17,0.17,0.67
8,12,6,22,1,5,0.17,0.17,0.67
8,13,6,22,3,5,0.17,0.0,0.83
8,14,6,22,2,6,0.17,0.0,0.83
8,15,6,22,1,7,0.17,0.17,0.67
8,16,6,22,3,7,0.17,0.33,0.5
8,17,6,22,4,7,0.0,0.0,1.0
8,18,6,22,3,6,0.5,0.17,0.33
8,19,6,22,1,6,0.33,0.0,0.67
8,20,6,22,2,8,0.5,0.0,0.5
8,21,6,22,3,6,0.33,0.17,0.5
8,22,6,22,4,4,0.0,0.0,1.0
8,1,7,22,4,6,0.43,0.43,0.14
8,2,7,22,3,5,0.71,0.14,0.14
8,3,7,22,1,4,0.14,0.29,0.57
8,4,7,22,1,6,0.14,0.0,0.86
8,5,7,22,2,7,0.14,0.0,0.86
8,6,7,22,3,6,0.14,0.43,0.43
8,7,7,22,3,7,0.14,0.14,0.71
8,8,7,22,1,6,0.14,0.14,0.71
8,9,7,22,2,7,0.14,0.0,0.86
8,10,7,22,4,6,0.0,0.0,1.0
8,11,7,22,1,6,0.14,0.14,0.71
8,12,7,22,1,5,0.14,0.14,0.71
8,13,7,22,3,5,0.14,0.0,0.86
8,14,7,22,2,6,0.14,0.0,0.86
8,15,7,22,1,7,0.14,0.14,0.71
8,16,7,22,3,7,0.14,0.43,0.43
8,17,7,22,4,7,0.0,0.0,1.0
8,18,7,22,3,5,0.43,0.14,0.43
8,19,7,22,1,6,0.29,0.0,0.71
8,20,7,22,2,8,0.43,0.0,0.57
8,21,7,22,3,6,0.29,0.14,0.57
8,22,7,22,4,4,0.0,0.0,1.0
8,1,8,22,2,6,0.38,0.5,0.12
8,2,8,22,3,4,0.75,0.12,0.12
8,3,8,22,1,4,0.12,0.25,0.62
8,4,8,22,1,4,0.12,0.0,0.88
8,5,8,22,2,7,0.12,0.12,0.75
8,6,8,22,3,6,0.12,0.5,0.38
8,7,8,22,3,7,0.12,0.12,0.75
8,8,8,22,1,6,0.12,0.12,0.75
8,9,8,22,2,7,0.12,0.0,0.88
8,10,8,22,4,7,0.0,0.0,1.0
8,11,8,22,1,6,0.12,0.12,0.75
8,12,8,22,1,5,0.12,0.12,0.75
8,13,8,22,3,5,0.12,0.0,0.88
8,14,8,22,2,6,0.12,0.12,0.75
8,15,8,22,1,7,0.12,0.12,0.75
8,16,8,22,3,7,0.12,0.38,0.5
8,17,8,22,4,7,0.0,0.0,1.0
8,18,8,22,3,5,0.38,0.12,0.5
8,19,8,22,1,6,0.25,0.0,0.75
8,20,8,22,2,8,0.38,0.12,0.5
8,21,8,22,3,6,0.25,0.25,0.5
8,22,8,22,4,6,0.0,0.0,1.0
9,1,1,23,4,6,0.0,1.0,0.0
9,2,1,23,4,6,1.0,0.0,0.0
9,3,1,23,4,6,0.0,0.0,1.0
9,4,1,23,4,6,1.0,0.0,0.0
9,5,1,23,4,6,0.0,0.0,1.0
9,6,1,23,4,6,1.0,0.0,0.0
9,7,1,23,4,6,0.0,0.0,1.0
9,8,1,23,4,6,1.0,0.0,0.0
9,9,1,23,4,6,0.0,0.0,1.0
9,10,1,23,4,6,1.0,0.0,0.0
9,11,1,23,4,6,1.0,0.0,0.0
9,12,1,23,4,6,1.0,0.0,0.0
9,13,1,23,4,6,1.0,0.0,0.0
9,14,1,23,4,6,1.0,0.0,0.0
9,15,1,23,4,6,1.0,0.0,0.0
9,16,1,23,4,6,1.0,0.0,0.0
9,17,1,23,4,6,1.0,0.0,0.0
9,18,1,23,4,6,1.0,0.0,0.0
9,19,1,23,4,6,1.0,0.0,0.0
9,20,1,23,4,6,1.0,0.0,0.0
9,21,1,23,4,6,1.0,0.0,0.0
9,22,1,23,4,6,1.0,0.0,0.0
9,23,1,23,4,6,1.0,0.0,0.0
9,1,2,23,4,6,0.0,1.0,0.0
9,2,2,23,3,6,0.5,0.0,0.5
9,3,2,23,4,6,0.0,0.5,0.5
9,4,2,23,1,6,0.5,0.5,0.0
9,5,2,23,4,6,0.0,0.0,1.0
9,6,2,23,1,6,1.0,0.0,0.0
9,7,2,23,4,6,0.0,0.5,0.5
9,8,2,23,3,6,0.5,0.0,0.5
9,9,2,23,4,6,0.0,0.0,1.0
9,10,2,23,2,6,0.5,0.5,0.0
9,11,2,23,1,6,0.5,0.0,0.5
9,12,2,23,2,6,1.0,0.0,0.0
9,13,2,23,2,6,1.0,0.0,0.0
9,14,2,23,3,6,0.5,0.5,0.0
9,15,2,23,1,7,0.5,0.0,0.5
9,16,2,23,2,6,0.5,0.5,0.0
9,17,2,23,3,6,0.5,0.0,0.5
9,18,2,23,2,6,1.0,0.0,0.0
9,19,2,23,3,6,0.5,0.5,0.0
9,20,2,23,1,6,1.0,0.0,0.0
9,21,2,23,2,6,0.5,0.5,0.0
9,22,2,23,1,5,1.0,0.0,0.0
9,23,2,23,2,6,0.5,0.5,0.0
9,1,3,23,4,6,0.0,0.67,0.33
9,2,3,23,3,6,0.33,0.0,0.67
9,3,3,23,4,6,0.0,0.67,0.33
9,4,3,23,1,6,0.33,0.33,0.33
9,5,3,23,4,6,0.0,0.0,1.0
9,6,3,23,2,5,0.67,0.33,0.0
9,7,3,23,4,7,0.33,0.33,0.33
9,8,3,23,3,6,0.33,0.0,0.67
9,9,3,23,4,8,0.0,0.33,0.67
9,10,3,23,2,6,0.33,0.33,0.33
9,11,3,23,1,7,0.33,0.0,0.67
9,12,3,23,4,6,1.0,0.0,0.0
9,13,3,23,4,6,0.67,0.33,0.0
9,14,3,23,3,6,0.33,0.33,0.33
9,15,3,23,1,8,0.33,0.0,0.67
9,16,3,23,2,6,0.33,0.33,0.33
9,17,3,23,3,5,0.33,0.0,0.67
9,18,3,23,4,6,0.67,0.33,0.0
9,19,3,23,3,6,0.33,0.33,0.33
9,20,3,23,4,6,1.0,0.0,0.0
9,21,3,23,2,5,0.67,0.33,0.0
9,22,3,23,4,5,0.67,0.33,0.0
9,23,3,23,2,6,0.33,0.67,0.0
9,1,4,23,4,6,0.0,0.75,0.25
9,2,4,23,3,6,0.25,0.0,0.75
9,3,4,23,4,6,0.0,0.5,0.5
9,4,4,23,1,6,0.25,0.25,0.5
9,5,4,23,4,4,0.0,0.0,1.0
9,6,4,23,2,6,0.75,0.25,0.0
9,7,4,23,3,5,0.25,0.5,0.25
9,8,4,23,3,6,0.25,0.0,0.75
9,9,4,23,4,8,0.0,0.25,0.75
9,10,4,23,2,6,0.25,0.25,0.5
9,11,4,23,1,9,0.25,0.0,0.75
9,12,4,23,2,5,0.75,0.0,0.25
9,13,4,23,4,6,0.5,0.25,0.25
9,14,4,23,3,7,0.25,0.25,0.5
9,15,4,23,1,8,0.25,0.0,0.75
9,16,4,23,2,7,0.25,0.5,0.25
9,17,4,23,3,5,0.25,0.0,0.75
9,18,4,23,4,6,0.5,0.25,0.25
9,19,4,23,3,6,0.25,0.25,0.5
9,20,4,23,1,5,0.75,0.25,0.0
9,21,4,23,1,5,0.5,0.25,0.25
9,22,4,23,4,4,0.5,0.5,0.0
9,23,4,23,2,6,0.25,0.75,0.0
10,1,1,20,4,6,1.0,0.0,0.0
10,2,1,20,4,6,1.0,0.0,0.0
10,3,1,20,4,6,0.0,1.0,0.0
10,4,1,20,4,6,1.0,0.0,0.0
10,5,1,20,4,6,1.0,0.0,0.0
10,6,1,20,4,6,1.0,0.0,0.0
10,7,1,20,4,6,0.0,0.0,1.0
10,8,1,20,4,6,1.0,0.0,0.0
10,9,1,20,4,6,1.0,0.0,0.0
10,10,1,20,4,6,1.0,0.0,0.0
10,11,1,20,4,6,1.0,0.0,0.0
10,12,1,20,4,6,0.0,0.0,1.0
10,13,1,20,4,6,0.0,0.0,1.0
10,14,1,20,4,6,1.0,0.0,0.0
10,15,1,20,4,6,1.0,0.0,0.0
10,16,1,20,4,6,0.0,0.0,1.0
10,17,1,20,4,6,1.0,0.0,0.0
10,18,1,20,4,6,0.0,1.0,0.0
10,19,1,20,4,6,0.0,0.0,1.0
10,20,1,20,4,6,1.0,0.0,0.0
10,1,2,20,2,5,1.0,0.0,0.0
10,2,2,20,1,5,0.5,0.0,0.5
10,3,2,20,4,6,0.5,0.5,0.0
10,4,2,20,3,7,0.5,0.5,0.0
10,5,2,20,2,6,0.5,0.5,0.0
10,6,2,20,2,6,0.5,0.5,0.0
10,7,2,20,4,6,0.0,0.0,1.0
10,8,2,20,3,6,0.5,0.5,0.0
10,9,2,20,2,6,0.5,0.0,0.5
10,10,2,20,3,6,1.0,0.0,0.0
10,11,2,20,2,6,1.0,0.0,0.0
10,12,2,20,4,6,0.0,0.0,1.0
10,13,2,20,4,6,0.5,0.0,0.5
10,14,2,20,3,6,1.0,0.0,0.0
10,15,2,20,3,6,0.5,0.5,0.0
10,16,2,20,4,7,0.0,0.0,1.0
10,17,2,20,2,6,1.0,0.0,0.0
10,18,2,20,4,6,0.0,1.0,0.0
10,19,2,20,4,6,0.5,0.0,0.5
10,20,2,20,2,6,0.5,0.0,0.5
10,1,3,20,3,6,1.0,0.0,0.0
10,2,3,20,1,5,0.67,0.0,0.33
10,3,3,20,2,6,0.33,0.33,0.33
10,4,3,20,3,7,0.33,0.67,0.0
10,5,3,20,2,7,0.33,0.67,0.0
10,6,3,20,2,6,0.33,0.67,0.0
10,7,3,20,4,5,0.0,0.0,1.0
10,8,3,20,3,6,0.33,0.33,0.33
10,9,3,20,2,6,0.33,0.0,0.67
10,10,3,20,1,5,1.0,0.0,0.0
10,11,3,20,1,6,1.0,0.0,0.0
10,12,3,20,4,6,0.0,0.0,1.0
10,13,3,20,1,6,0.67,0.0,0.33
10,14,3,20,1,5,1.0,0.0,0.0
10,15,3,20,3,6,0.33,0.33,0.33
10,16,3,20,4,8,0.0,0.33,0.67
10,17,3,20,1,6,1.0,0.0,0.0
10,18,3,20,4,6,0.0,1.0,0.0
10,19,3,20,1,7,0.67,0.0,0.33
10,20,3,20,2,7,0.33,0.33,0.33
10,1,4,20,4,5,1.0,0.0,0.0
10,2,4,20,2,5,0.5,0.0,0.5
10,3,4,20,2,3,0.25,0.5,0.25
10,4,4,20,3,7,0.25,0.5,0.25
10,5,4,20,2,7,0.5,0.5,0.0
10,6,4,20,2,6,0.25,0.75,0.0
10,7,4,20,4,5,0.0,0.0,1.0
10,8,4,20,3,6,0.25,0.25,0.5
10,9,4,20,2,6,0.5,0.0,0.5
10,10,4,20,3,5,1.0,0.0,0.0
10,11,4,20,2,6,0.75,0.25,0.0
10,12,4,20,4,6,0.0,0.0,1.0
10,13,4,20,4,6,0.75,0.0,0.25
10,14,4,20,2,7,0.75,0.25,0.0
10,15,4,20,3,7,0.25,0.5,0.25
10,16,4,20,4,8,0.0,0.5,0.5
10,17,4,20,3,6,0.75,0.25,0.0
10,18,4,20,4,8,0.0,0.75,0.25
10,19,4,20,4,6,0.75,0.0,0.25
10,20,4,20,2,7,0.25,0.5,0.25
10,1,5,20,3,6,0.8,0.2,0.0
10,2,5,20,2,6,0.6,0.0,0.4
10,3,5,20,2,3,0.2,0.6,0.2
10,4,5,20,3,6,0.2,0.4,0.4
10,5,5,20,1,6,0.4,0.4,0.2
10,6,5,20,2,7,0.2,0.6,0.2
10,7,5,20,4,6,0.0,0.0,1.0
10,8,5,20,3,7,0.2,0.2,0.6
10,9,5,20,1,5,0.4,0.0,0.6
10,10,5,20,1,5,1.0,0.0,0.0
10,11,5,20,2,6,0.6,0.2,0.2
10,12,5,20,4,6,0.0,0.0,1.0
10,13,5,20,1,6,0.6,0.2,0.2
10,14,5,20,2,6,0.6,0.4,0.0
10,15,5,20,3,6,0.2,0.4,0.4
10,16,5,20,4,8,0.0,0.6,0.4
10,17,5,20,3,5,0.6,0.2,0.2
10,18,5,20,4,8,0.2,0.6,0.2
10,19,5,20,1,5,0.6,0.0,0.4
10,20,5,20,2,7,0.2,0.4,0.4
10,1,6,20,3,6,0.67,0.33,0.0
10,2,6,20,1,6,0.5,0.0,0.5
10,3,6,20,2,3,0.17,0.5,0.33
10,4,6,20,3,7,0.17,0.5,0.33
10,5,6,20,1,6,0.33,0.5,0.17
10,6,6,20,2,6,0.17,0.5,0.33
10,7,6,20,4,7,0.0,0.17,0.83
10,8,6,20,3,8,0.17,0.17,0.67
10,9,6,20,1,5,0.33,0.0,0.67
10,10,6,20,3,5,0.83,0.17,0.0
10,11,6,20,2,6,0.5,0.17,0.33
10,12,6,20,4,6,0.0,0.0,1.0
10,13,6,20,1,7,0.5,0.17,0.33
10,14,6,20,2,6,0.5,0.33,0.17
10,15,6,20,3,6,0.17,0.33,0.5
10,16,6,20,4,8,0.0,0.5,0.5
10,17,6,20,3,4,0.67,0.17,0.17
10,18,6,20,4,7,0.33,0.5,0.17
10,19,6,20,1,5,0.5,0.17,0.33
10,20,6,20,2,6,0.17,0.5,0.33
10,1,7,20,3,6,0.57,0.43,0.0
10,2,7,20,1,3,0.43,0.0,0.57
10,3,7,20,2,4,0.14,0.43,0.43
10,4,7,20,3,8,0.14,0.57,0.29
10,5,7,20,1,6,0.29,0.57,0.14
10,6,7,20,2,7,0.14,0.57,0.29
10,7,7,20,4,7,0.0,0.29,0.71
10,8,7,20,3,8,0.14,0.14,0.71
10,9,7,20,1,5,0.29,0.0,0.71
10,10,7,20,3,5,0.71,0.14,0.14
10,11,7,20,2,7,0.43,0.14,0.43
10,12,7,20,4,6,0.0,0.0,1.0
10,13,7,20,1,7,0.43,0.14,0.43
10,14,7,20,2,7,0.43,0.43,0.14
10,15,7,20,3,6,0.14,0.43,0.43
10,16,7,20,4,9,0.0,0.57,0.43
10,17,7,20,2,3,0.71,0.14,0.14
10,18,7,20,3,7,0.43,0.43,0.14
10,19,7,20,1,5,0.43,0.14,0.43
10,20,7,20,2,6,0.14,0.57,0.29
10,1,8,20,3,5,0.5,0.5,0.0
10,2,8,20,1,4,0.38,0.0,0.62
10,3,8,20,2,5,0.12,0.38,0.5
10,4,8,20,3,8,0.12,0.5,0.38
10,5,8,20,1,6,0.25,0.5,0.25
10,6,8,20,2,6,0.12,0.5,0.38
10,7,8,20,4,8,0.0,0.25,0.75
10,8,8,20,3,9,0.12,0.12,0.75
10,9,8,20,1,6,0.25,0.0,0.75
10,10,8,20,3,4,0.62,0.12,0.25
10,11,8,20,2,7,0.38,0.12,0.5
10,12,8,20,4,7,0.0,0.0,1.0
10,13,8,20,1,7,0.38,0.12,0.5
10,14,8,20,2,6,0.38,0.5,0.12
10,15,8,20,3,6,0.12,0.38,0.5
10,16,8,20,4,8,0.0,0.62,0.38
10,17,8,20,3,4,0.75,0.12,0.12
10,18,8,20,1,4,0.38,0.5,0.12
10,19,8,20,1,5,0.38,0.25,0.38
10,20,8,20,2,5,0.12,0.5,0.38
10,1,9,20,3,5,0.44,0.56,0.0
10,2,9,20,1,4,0.33,0.0,0.67
10,3,9,20,2,6,0.11,0.33,0.56
10,4,9,20,3,8,0.11,0.44,0.44
10,5,9,20,1,7,0.22,0.56,0.22
10,6,9,20,2,6,0.11,0.44,0.44
10,7,9,20,4,8,0.0,0.33,0.67
10,8,9,20,3,9,0.11,0.11,0.78
10,9,9,20,1,7,0.22,0.0,0.78
10,10,9,20,3,4,0.56,0.11,0.33
10,11,9,20,2,7,0.33,0.11,0.56
10,12,9,20,4,7,0.0,0.0,1.0
10,13,9,20,1,6,0.33,0.11,0.56
10,14,9,20,2,6,0.33,0.44,0.22
10,15,9,20,3,6,0.11,0.33,0.56
10,16,9,20,4,9,0.0,0.56,0.44
10,17,9,20,2,3,0.78,0.11,0.11
10,18,9,20,1,5,0.33,0.44,0.22
10,19,9,20,1,4,0.33,0.33,0.33
10,20,9,20,2,5,0.11,0.56,0.33
11,1,1,17,4,6,1.0,0.0,0.0
11,2,1,17,4,6,1.0,0.0,0.0
11,3,1,17,4,6,1.0,0.0,0.0
11,4,1,17,4,6,1.0,0.0,0.0
11,5,1,17,4,6,1.0,0.0,0.0
11,6,1,17,4,6,0.0,0.0,1.0
11,7,1,17,4,6,1.0,0.0,0.0
11,8,1,17,4,6,1.0,0.0,0.0
11,9,1,17,4,6,0.0,0.0,1.0
11,10,1,17,4,6,0.0,0.0,1.0
11,11,1,17,4,6,1.0,0.0,0.0
11,12,1,17,4,6,1.0,0.0,0.0
11,13,1,17,4,6,1.0,0.0,0.0
11,14,1,17,4,6,0.0,0.0,1.0
11,15,1,17,4,6,1.0,0.0,0.0
11,16,1,17,4,6,0.0,0.0,1.0
11,17,1,17,4,6,0.0,0.0,1.0
11,1,2,17,1,6,1.0,0.0,0.0
11,2,2,17,1,6,0.5,0.5,0.0
11,3,2,17,2,6,0.5,0.0,0.5
11,4,2,17,1,6,0.5,0.5,0.0
11,5,2,17,3,6,0.5,0.5,0.0
11,6,2,17,4,6,0.0,0.0,1.0
11,7,2,17,3,6,0.5,0.0,0.5
11,8,2,17,2,6,0.5,0.5,0.0
11,9,2,17,4,6,0.0,0.0,1.0
11,10,2,17,4,6,0.0,0.5,0.5
11,11,2,17,1,6,0.5,0.0,0.5
11,12,2,17,1,6,0.5,0.5,0.0
11,13,2,17,3,6,0.5,0.0,0.5
11,14,2,17,4,6,0.5,0.0,0.5
11,15,2,17,1,6,1.0,0.0,0.0
11,16,2,17,4,6,0.0,0.5,0.5
11,17,2,17,4,6,0.0,0.0,1.0
11,1,3,17,3,5,0.67,0.0,0.33
11,2,3,17,1,6,0.33,0.33,0.33
11,3,3,17,2,7,0.33,0.33,0.33
11,4,3,17,1,6,0.33,0.67,0.0
11,5,3,17,3,6,0.33,0.33,0.33
11,6,3,17,4,5,0.0,0.0,1.0
11,7,3,17,3,6,0.33,0.0,0.67
11,8,3,17,2,7,0.33,0.67,0.0
11,9,3,17,4,5,0.0,0.0,1.0
11,10,3,17,4,7,0.0,0.33,0.67
11,11,3,17,1,5,0.33,0.0,0.67
11,12,3,17,1,6,0.33,0.67,0.0
11,13,3,17,3,6,0.67,0.0,0.33
11,14,3,17,1,5,0.67,0.0,0.33
11,15,3,17,2,6,0.67,0.0,0.33
11,16,3,17,4,6,0.0,0.67,0.33
11,17,3,17,4,8,0.0,0.0,1.0
11,1,4,17,3,4,0.5,0.0,0.5
11,2,4,17,1,5,0.25,0.25,0.5
11,3,4,17,2,7,0.25,0.5,0.25
11,4,4,17,1,6,0.25,0.5,0.25
11,5,4,17,3,7,0.25,0.5,0.25
11,6,4,17,4,6,0.0,0.25,0.75
11,7,4,17,3,6,0.25,0.0,0.75
11,8,4,17,2,7,0.25,0.5,0.25
11,9,4,17,4,6,0.0,0.0,1.0
11,10,4,17,4,6,0.0,0.25,0.75
11,11,4,17,1,5,0.25,0.0,0.75
11,12,4,17,1,6,0.25,0.5,0.25
11,13,4,17,2,6,0.5,0.25,0.25
11,14,4,17,3,4,0.5,0.0,0.5
11,15,4,17,2,6,0.75,0.0,0.25
11,16,4,17,4,8,0.0,0.5,0.5
11,17,4,17,4,7,0.0,0.0,1.0
11,1,5,17,3,4,0.4,0.0,0.6
11,2,5,17,1,6,0.2,0.4,0.4
11,3,5,17,2,7,0.2,0.6,0.2
11,4,5,17,1,6,0.2,0.4,0.4
11,5,5,17,3,6,0.4,0.4,0.2
11,6,5,17,4,6,0.2,0.2,0.6
11,7,5,17,3,6,0.2,0.0,0.8
11,8,5,17,2,7,0.2,0.4,0.4
11,9,5,17,4,6,0.0,0.2,0.8
11,10,5,17,4,5,0.0,0.2,0.8
11,11,5,17,1,5,0.2,0.0,0.8
11,12,5,17,1,6,0.4,0.4,0.2
11,13,5,17,2,6,0.6,0.2,0.2
11,14,5,17,3,6,0.4,0.2,0.4
11,15,5,17,1,5,0.6,0.2,0.2
11,16,5,17,4,8,0.0,0.6,0.4
11,17,5,17,4,7,0.0,0.0,1.0
11,1,6,17,3,5,0.33,0.0,0.67
11,2,6,17,1,6,0.17,0.5,0.33
11,3,6,17,2,8,0.17,0.5,0.33
11,4,6,17,1,6,0.17,0.5,0.33
11,5,6,17,1,5,0.5,0.33,0.17
11,6,6,17,3,5,0.33,0.17,0.5
11,7,6,17,3,7,0.33,0.0,0.67
11,8,6,17,2,7,0.17,0.33,0.5
11,9,6,17,4,6,0.0,0.17,0.83
11,10,6,17,4,5,0.0,0.33,0.67
11,11,6,17,1,5,0.33,0.0,0.67
11,12,6,17,3,5,0.5,0.33,0.17
11,13,6,17,3,6,0.5,0.17,0.33
11,14,6,17,3,7,0.5,0.17,0.33
11,15,6,17,1,4,0.67,0.17,0.17
11,16,6,17,4,8,0.0,0.67,0.33
11,17,6,17,4,7,0.17,0.0,0.83
11,1,7,17,3,5,0.29,0.0,0.71
11,2,7,17,1,6,0.14,0.57,0.29
11,3,7,17,2,9,0.14,0.43,0.43
11,4,7,17,1,6,0.14,0.57,0.29
11,5,7,17,3,3,0.43,0.43,0.14
11,6,7,17,4,5,0.29,0.14,0.57
11,7,7,17,3,8,0.29,0.0,0.71
11,8,7,17,2,7,0.14,0.29,0.57
11,9,7,17,4,6,0.0,0.29,0.71
11,10,7,17,4,5,0.0,0.43,0.57
11,11,7,17,4,6,0.43,0.0,0.57
11,12,7,17,1,5,0.57,0.29,0.14
11,13,7,17,3,4,0.43,0.14,0.43
11,14,7,17,2,8,0.43,0.14,0.43
11,15,7,17,4,4,0.57,0.14,0.29
11,16,7,17,4,8,0.0,0.71,0.29
11,17,7,17,1,7,0.29,0.0,0.71
11,1,8,17,3,5,0.25,0.0,0.75
11,2,8,17,1,6,0.12,0.5,0.38
11,3,8,17,2,9,0.12,0.5,0.38
11,4,8,17,1,6,0.12,0.5,0.38
11,5,8,17,3,3,0.38,0.38,0.25
11,6,8,17,4,6,0.25,0.12,0.62
11,7,8,17,3,8,0.25,0.0,0.75
11,8,8,17,2,7,0.12,0.38,0.5
11,9,8,17,4,6,0.0,0.25,0.75
11,10,8,17,4,5,0.0,0.38,0.62
11,11,8,17,1,4,0.38,0.0,0.62
11,12,8,17,2,5,0.5,0.25,0.25
11,13,8,17,3,6,0.38,0.12,0.5
11,14,8,17,2,8,0.38,0.12,0.5
11,15,8,17,4,4,0.5,0.25,0.25
11,16,8,17,4,8,0.0,0.75,0.25
11,17,8,17,3,6,0.25,0.0,0.75
11,1,9,17,3,3,0.22,0.0,0.78
11,2,9,17,1,6,0.11,0.44,0.44
11,3,9,17,2,9,0.11,0.44,0.44
11,4,9,17,1,7,0.11,0.44,0.44
11,5,9,17,3,3,0.44,0.33,0.22
11,6,9,17,4,6,0.22,0.11,0.67
11,7,9,17,3,8,0.22,0.0,0.78
11,8,9,17,2,7,0.11,0.33,0.56
11,9,9,17,4,6,0.0,0.22,0.78
11,10,9,17,4,5,0.0,0.33,0.67
11,11,9,17,1,3,0.33,0.0,0.67
11,12,9,17,2,5,0.44,0.22,0.33
11,13,9,17,3,7,0.33,0.11,0.56
11,14,9,17,2,8,0.33,0.11,0.56
11,15,9,17,4,4,0.44,0.33,0.22
11,16,9,17,4,8,0.0,0.78,0.22
11,17,9,17,3,5,0.22,0.0,0.78
11,1,10,17,3,3,0.3,0.0,0.7
11,2,10,17,1,6,0.1,0.4,0.5
11,3,10,17,2,10,0.1,0.5,0.4
11,4,10,17,1,7,0.1,0.4,0.5
11,5,10,17,2,3,0.4,0.4,0.2
11,6,10,17,4,6,0.2,0.1,0.7
11,7,10,17,3,8,0.2,0.0,0.8
11,8,10,17,2,7,0.1,0.4,0.5
11,9,10,17,4,6,0.0,0.2,0.8
11,10,10,17,4,5,0.0,0.4,0.6
11,11,10,17,1,3,0.3,0.0,0.7
11,12,10,17,2,5,0.4,0.2,0.4
11,13,10,17,3,7,0.3,0.1,0.6
11,14,10,17,2,7,0.3,0.1,0.6
11,15,10,17,4,4,0.4,0.3,0.3
11,16,10,17,4,9,0.0,0.8,0.2
11,17,10,17,3,4,0.2,0.0,0.8
11,1,11,17,4,4,0.36,0.0,0.64
11,2,11,17,1,6,0.09,0.45,0.45
11,3,11,17,2,10,0.09,0.45,0.45
11,4,11,17,1,7,0.09,0.36,0.55
11,5,11,17,2,2,0.36,0.36,0.27
11,6,11,17,4,7,0.18,0.09,0.73
11,7,11,17,3,8,0.18,0.0,0.82
11,8,11,17,2,6,0.09,0.36,0.55
11,9,11,17,4,6,0.0,0.18,0.82
11,10,11,17,4,5,0.0,0.45,0.55
11,11,11,17,1,5,0.27,0.0,0.73
11,12,11,17,2,5,0.36,0.18,0.45
11,13,11,17,3,7,0.27,0.09,0.64
11,14,11,17,2,7,0.27,0.09,0.64
11,15,11,17,4,3,0.36,0.36,0.27
11,16,11,17,4,9,0.0,0.73,0.27
11,17,11,17,3,5,0.18,0.0,0.82
11,1,12,17,3,1,0.42,0.0,0.58
11,2,12,17,1,6,0.08,0.42,0.5
11,3,12,17,2,10,0.08,0.42,0.5
11,4,12,17,1,7,0.08,0.33,0.58
11,5,12,17,2,3,0.33,0.33,0.33
11,6,12,17,4,7,0.17,0.08,0.75
11,7,12,17,3,9,0.17,0.0,0.83
11,8,12,17,2,6,0.08,0.33,0.58
11,9,12,17,4,6,0.0,0.17,0.83
11,10,12,17,4,5,0.0,0.42,0.58
11,11,12,17,1,5,0.25,0.0,0.75
11,12,12,17,2,5,0.33,0.17,0.5
11,13,12,17,3,7,0.25,0.08,0.67
11,14,12,17,2,7,0.25,0.08,0.67
11,15,12,17,4,3,0.33,0.33,0.33
11,16,12,17,4,9,0.0,0.67,0.33
11,17,12,17,3,6,0.17,0.0,0.83
12,1,1,26,4,6,1.0,0.0,0.0
12,2,1,26,4,6,1.0,0.0,0.0
12,3,1,26,4,6,0.0,0.0,1.0
12,4,1,26,4,6,0.0,1.0,0.0
12,5,1,26,4,6,1.0,0.0,0.0
12,6,1,26,4,6,0.0,0.0,1.0
12,7,1,26,4,6,0.0,0.0,1.0
12,8,1,26,4,6,1.0,0.0,0.0
12,9,1,26,4,6,1.0,0.0,0.0
12,10,1,26,4,6,1.0,0.0,0.0
12,11,1,26,4,6,0.0,0.0,1.0
12,12,1,26,4,6,1.0,0.0,0.0
12,13,1,26,4,6,1.0,0.0,0.0
12,14,1,26,4,6,1.0,0.0,0.0
12,15,1,26,4,6,1.0,0.0,0.0
12,16,1,26,4,6,1.0,0.0,0.0
12,17,1,26,4,6,1.0,0.0,0.0
12,18,1,26,4,6,0.0,0.0,1.0
12,19,1,26,4,6,0.0,0.0,1.0
12,20,1,26,4,6,0.0,1.0,0.0
12,21,1,26,4,6,1.0,0.0,0.0
12,22,1,26,4,6,1.0,0.0,0.0
12,23,1,26,4,6,1.0,0.0,0.0
12,24,1,26,4,6,1.0,0.0,0.0
12,25,1,26,4,6,1.0,0.0,0.0
12,26,1,26,4,6,1.0,0.0,0.0
12,1,2,26,2,6,0.5,0.5,0.0
12,2,2,26,1,5,1.0,0.0,0.0
12,3,2,26,4,6,0.5,0.0,0.5
12,4,2,26,4,6,0.5,0.5,0.0
12,5,2,26,2,6,0.5,0.5,0.0
12,6,2,26,4,6,0.0,0.0,1.0
12,7,2,26,4,6,0.0,0.5,0.5
12,8,2,26,2,6,0.5,0.0,0.5
12,9,2,26,1,6,0.5,0.5,0.0
12,10,2,26,3,6,0.5,0.5,0.0
12,11,2,26,4,6,0.0,0.0,1.0
12,12,2,26,1,7,0.5,0.5,0.0
12,13,2,26,1,6,1.0,0.0,0.0
12,14,2,26,1,6,1.0,0.0,0.0
12,15,2,26,3,6,0.5,0.5,0.0
12,16,2,26,3,6,1.0,0.0,0.0
12,17,2,26,3,6,0.5,0.5,0.0
12,18,2,26,4,5,0.0,0.0,1.0
12,19,2,26,4,6,0.0,0.0,1.0
12,20,2,26,4,6,0.0,0.5,0.5
12,21,2,26,2,6,1.0,0.0,0.0
12,22,2,26,2,6,1.0,0.0,0.0
12,23,2,26,3,6,0.5,0.0,0.5
12,24,2,26,1,7,1.0,0.0,0.0
12,25,2,26,2,6,0.5,0.0,0.5
12,26,2,26,1,6,0.5,0.5,0.0
12,1,3,26,2,8,0.33,0.67,0.0
12,2,3,26,3,4,1.0,0.0,0.0
12,3,3,26,3,6,0.33,0.33,0.33
12,4,3,26,3,4,0.33,0.67,0.0
12,5,3,26,2,7,0.33,0.67,0.0
12,6,3,26,4,6,0.33,0.0,0.67
12,7,3,26,4,7,0.0,0.67,0.33
12,8,3,26,2,6,0.33,0.0,0.67
12,9,3,26,1,6,0.33,0.33,0.33
12,10,3,26,3,6,0.33,0.67,0.0
12,11,3,26,4,6,0.0,0.0,1.0
12,12,3,26,1,6,0.33,0.67,0.0
12,13,3,26,2,5,1.0,0.0,0.0
12,14,3,26,2,6,0.67,0.0,0.33
12,15,3,26,3,6,0.33,0.33,0.33
12,16,3,26,2,5,1.0,0.0,0.0
12,17,3,26,3,7,0.33,0.33,0.33
12,18,3,26,4,5,0.0,0.0,1.0
12,19,3,26,4,5,0.0,0.0,1.0
12,20,3,26,4,6,0.33,0.33,0.33
12,21,3,26,1,8,0.67,0.0,0.33
12,22,3,26,3,6,1.0,0.0,0.0
12,23,3,26,3,7,0.33,0.33,0.33
12,24,3,26,2,7,0.67,0.33,0.0
12,25,3,26,2,5,0.67,0.0,0.33
12,26,3,26,1,6,0.33,0.33,0.33
12,1,4,26,2,6,0.25,0.5,0.25
12,2,4,26,4,6,0.75,0.25,0.0
12,3,4,26,3,6,0.25,0.25,0.5
12,4,4,26,3,4,0.25,0.5,0.25
12,5,4,26,2,7,0.25,0.75,0.0
12,6,4,26,2,5,0.5,0.0,0.5
12,7,4,26,4,8,0.0,0.75,0.25
12,8,4,26,2,5,0.25,0.0,0.75
12,9,4,26,1,6,0.25,0.25,0.5
12,10,4,26,3,6,0.25,0.75,0.0
12,11,4,26,4,6,0.0,0.0,1.0
12,12,4,26,1,6,0.25,0.75,0.0
12,13,4,26,1,6,0.75,0.0,0.25
12,14,4,26,2,6,0.5,0.0,0.5
12,15,4,26,3,6,0.25,0.25,0.5
12,16,4,26,1,5,0.75,0.25,0.0
12,17,4,26,3,7,0.25,0.25,0.5
12,18,4,26,4,5,0.0,0.0,1.0
12,19,4,26,4,7,0.0,0.0,1.0
12,20,4,26,2,6,0.25,0.5,0.25
12,21,4,26,1,8,0.75,0.0,0.25
12,22,4,26,1,6,0.75,0.0,0.25
12,23,4,26,3,7,0.25,0.25,0.5
12,24,4,26,2,7,0.5,0.25,0.25
12,25,4,26,3,5,0.5,0.0,0.5
12,26,4,26,1,8,0.25,0.25,0.5
12,1,5,26,2,6,0.2,0.4,0.4
12,2,5,26,4,6,0.6,0.2,0.2
12,3,5,26,3,7,0.2,0.2,0.6
12,4,5,26,3,4,0.2,0.4,0.4
12,5,5,26,2,7,0.2,0.8,0.0
12,6,5,26,1,6,0.6,0.0,0.4
12,7,5,26,4,8,0.0,0.6,0.4
12,8,5,26,2,5,0.2,0.0,0.8
12,9,5,26,1,7,0.2,0.4,0.4
12,10,5,26,3,7,0.2,0.8,0.0
12,11,5,26,4,6,0.0,0.2,0.8
12,12,5,26,1,6,0.2,0.8,0.0
12,13,5,26,1,4,0.6,0.0,0.4
12,14,5,26,2,6,0.4,0.0,0.6
12,15,5,26,3,6,0.2,0.4,0.4
12,16,5,26,1,6,0.6,0.2,0.2
12,17,5,26,3,7,0.2,0.4,0.4
12,18,5,26,4,5,0.0,0.0,1.0
12,19,5,26,4,7,0.0,0.0,1.0
12,20,5,26,2,6,0.2,0.4,0.4
12,21,5,26,2,8,0.6,0.0,0.4
12,22,5,26,1,6,0.6,0.0,0.4
12,23,5,26,3,7,0.2,0.4,0.4
12,24,5,26,2,7,0.6,0.2,0.2
12,25,5,26,3,5,0.4,0.0,0.6
12,26,5,26,1,7,0.2,0.2,0.6
12,1,6,26,2,7,0.17,0.33,0.5
12,2,6,26,4,7,0.5,0.33,0.17
12,3,6,26,3,7,0.17,0.17,0.67
12,4,6,26,3,5,0.17,0.33,0.5
12,5,6,26,2,7,0.17,0.67,0.17
12,6,6,26,2,3,0.67,0.0,0.33
12,7,6,26,4,9,0.0,0.5,0.5
12,8,6,26,2,5,0.17,0.0,0.83
12,9,6,26,1,7,0.17,0.33,0.5
12,10,6,26,3,7,0.17,0.83,0.0
12,11,6,26,4,6,0.0,0.33,0.67
12,12,6,26,1,6,0.17,0.67,0.17
12,13,6,26,1,4,0.5,0.0,0.5
12,14,6,26,2,6,0.33,0.0,0.67
12,15,6,26,3,6,0.17,0.33,0.5
12,16,6,26,1,6,0.5,0.17,0.33
12,17,6,26,3,7,0.17,0.33,0.5
12,18,6,26,4,6,0.0,0.0,1.0
12,19,6,26,4,7,0.0,0.17,0.83
12,20,6,26,2,6,0.17,0.5,0.33
12,21,6,26,2,8,0.5,0.17,0.33
12,22,6,26,1,6,0.5,0.0,0.5
12,23,6,26,3,7,0.17,0.5,0.33
12,24,6,26,4,7,0.5,0.33,0.17
12,25,6,26,3,5,0.33,0.0,0.67
12,26,6,26,1,7,0.17,0.17,0.67
12,1,7,26,2,9,0.14,0.43,0.43
12,2,7,26,4,7,0.43,0.29,0.29
12,3,7,26,3,7,0.14,0.14,0.71
12,4,7,26,3,5,0.14,0.29,0.57
12,5,7,26,2,7,0.14,0.57,0.29
12,6,7,26,1,5,0.57,0.0,0.43
12,7,7,26,4,9,0.0,0.43,0.57
12,8,7,26,2,6,0.14,0.0,0.86
12,9,7,26,1,8,0.14,0.29,0.57
12,10,7,26,3,7,0.14,0.71,0.14
12,11,7,26,4,6,0.0,0.43,0.57
12,12,7,26,1,6,0.14,0.57,0.29
12,13,7,26,1,4,0.43,0.0,0.57
12,14,7,26,2,5,0.29,0.0,0.71
12,15,7,26,3,6,0.14,0.29,0.57
12,16,7,26,1,5,0.43,0.14,0.43
12,17,7,26,3,7,0.14,0.29,0.57
12,18,7,26,4,5,0.0,0.0,1.0
12,19,7,26,4,7,0.0,0.14,0.86
12,20,7,26,2,6,0.14,0.43,0.43
12,21,7,26,2,7,0.43,0.29,0.29
12,22,7,26,1,5,0.43,0.0,0.57
12,23,7,26,3,7,0.14,0.43,0.43
12,24,7,26,4,9,0.43,0.29,0.29
12,25,7,26,3,4,0.29,0.0,0.71
12,26,7,26,1,7,0.14,0.14,0.71
13,1,1,20,4,6,0.0,0.0,1.0
13,2,1,20,4,6,0.0,0.0,1.0
13,3,1,20,4,6,0.0,0.0,1.0
13,4,1,20,4,6,1.0,0.0,0.0
13,5,1,20,4,6,1.0,0.0,0.0
13,6,1,20,4,6,1.0,0.0,0.0
13,7,1,20,4,6,0.0,1.0,0.0
13,8,1,20,4,6,1.0,0.0,0.0
13,9,1,20,4,6,0.0,0.0,1.0
13,10,1,20,4,6,1.0,0.0,0.0
13,11,1,20,4,6,1.0,0.0,0.0
13,12,1,20,4,6,1.0,0.0,0.0
13,13,1,20,4,6,0.0,0.0,1.0
13,14,1,20,4,6,1.0,0.0,0.0
13,15,1,20,4,6,0.0,0.0,1.0
13,16,1,20,4,6,1.0,0.0,0.0
13,17,1,20,4,6,1.0,0.0,0.0
13,18,1,20,4,6,1.0,0.0,0.0
13,19,1,20,4,6,0.0,1.0,0.0
13,20,1,20,4,6,0.0,1.0,0.0
13,1,2,20,4,6,0.5,0.0,0.5
13,2,2,20,4,6,0.5,0.0,0.5
13,3,2,20,4,5,0.5,0.0,0.5
13,4,2,20,1,7,0.5,0.5,0.0
13,5,2,20,2,6,0.5,0.5,0.0
13,6,2,20,1,6,1.0,0.0,0.0
13,7,2,20,4,6,0.0,0.5,0.5
13,8,2,20,3,6,0.5,0.5,0.0
13,9,2,20,4,6,0.0,0.5,0.5
13,10,2,20,1,6,0.5,0.5,0.0
13,11,2,20,3,6,1.0,0.0,0.0
13,12,2,20,1,6,1.0,0.0,0.0
13,13,2,20,4,6,0.0,0.0,1.0
13,14,2,20,1,6,0.5,0.0,0.5
13,15,2,20,4,6,0.0,0.0,1.0
13,16,2,20,2,5,0.5,0.0,0.5
13,17,2,20,3,6,0.5,0.0,0.5
13,18,2,20,3,7,0.5,0.0,0.5
13,19,2,20,4,6,0.0,1.0,0.0
13,20,2,20,4,6,0.0,0.5,0.5
13,1,3,20,3,5,0.67,0.0,0.33
13,2,3,20,2,5,0.33,0.33,0.33
13,3,3,20,2,5,0.33,0.0,0.67
13,4,3,20,1,7,0.33,0.33,0.33
13,5,3,20,2,7,0.33,0.67,0.0
13,6,3,20,2,5,0.67,0.33,0.0
13,7,3,20,4,5,0.33,0.33,0.33
13,8,3,20,3,6,0.33,0.33,0.33
13,9,3,20,4,6,0.0,0.33,0.67
13,10,3,20,1,6,0.33,0.33,0.33
13,11,3,20,2,5,1.0,0.0,0.0
13,12,3,20,2,5,0.67,0.0,0.33
13,13,3,20,4,6,0.33,0.0,0.67
13,14,3,20,1,6,0.33,0.0,0.67
13,15,3,20,4,6,0.0,0.33,0.67
13,16,3,20,2,7,0.33,0.0,0.67
13,17,3,20,3,7,0.33,0.33,0.33
13,18,3,20,3,7,0.67,0.0,0.33
13,19,3,20,4,6,0.0,1.0,0.0
13,20,3,20,4,6,0.0,0.67,0.33
13,1,4,20,2,5,0.75,0.0,0.25
13,2,4,20,2,5,0.25,0.5,0.25
13,3,4,20,2,4,0.25,0.0,0.75
13,4,4,20,1,7,0.25,0.25,0.5
13,5,4,20,2,6,0.25,0.75,0.0
13,6,4,20,2,6,0.5,0.25,0.25
13,7,4,20,2,5,0.25,0.25,0.5
13,8,4,20,3,6,0.25,0.25,0.5
13,9,4,20,4,6,0.0,0.25,0.75
13,10,4,20,1,7,0.25,0.25,0.5
13,11,4,20,3,6,0.75,0.25,0.0
13,12,4,20,2,5,0.5,0.25,0.25
13,13,4,20,3,5,0.25,0.0,0.75
13,14,4,20,1,6,0.25,0.25,0.5
13,15,4,20,4,6,0.0,0.25,0.75
13,16,4,20,2,7,0.25,0.0,0.75
13,17,4,20,3,7,0.25,0.25,0.5
13,18,4,20,1,7,0.5,0.0,0.5
13,19,4,20,4,7,0.0,0.75,0.25
13,20,4,20,4,5,0.0,0.5,0.5
13,1,5,20,1,4,0.6,0.0,0.4
13,2,5,20,2,5,0.2,0.6,0.2
13,3,5,20,2,5,0.2,0.2,0.6
13,4,5,20,1,7,0.2,0.4,0.4
13,5,5,20,2,6,0.2,0.8,0.0
13,6,5,20,2,6,0.4,0.2,0.4
13,7,5,20,2,4,0.2,0.2,0.6
13,8,5,20,3,7,0.2,0.2,0.6
13,9,5,20,4,5,0.0,0.2,0.8
13,10,5,20,1,7,0.2,0.2,0.6
13,11,5,20,3,6,0.6,0.4,0.0
13,12,5,20,2,5,0.4,0.4,0.2
13,13,5,20,3,3,0.2,0.0,0.8
13,14,5,20,1,6,0.2,0.4,0.4
13,15,5,20,4,6,0.0,0.2,0.8
13,16,5,20,2,7,0.2,0.0,0.8
13,17,5,20,3,8,0.2,0.2,0.6
13,18,5,20,1,9,0.4,0.0,0.6
13,19,5,20,4,7,0.0,0.6,0.4
13,20,5,20,4,5,0.0,0.4,0.6
13,1,6,20,1,4,0.67,0.0,0.33
13,2,6,20,2,6,0.17,0.67,0.17
13,3,6,20,2,5,0.17,0.33,0.5
13,4,6,20,1,6,0.17,0.33,0.5
13,5,6,20,2,6,0.17,0.83,0.0
13,6,6,20,2,5,0.5,0.17,0.33
13,7,6,20,2,5,0.17,0.17,0.67
13,8,6,20,3,7,0.17,0.17,0.67
13,9,6,20,4,6,0.0,0.17,0.83
13,10,6,20,1,7,0.17,0.17,0.67
13,11,6,20,3,5,0.5,0.5,0.0
13,12,6,20,2,4,0.5,0.33,0.17
13,13,6,20,3,3,0.17,0.0,0.83
13,14,6,20,1,6,0.17,0.33,0.5
13,15,6,20,4,7,0.0,0.17,0.83
13,16,6,20,2,7,0.17,0.0,0.83
13,17,6,20,3,7,0.17,0.17,0.67
13,18,6,20,1,9,0.33,0.17,0.5
13,19,6,20,4,7,0.0,0.5,0.5
13,20,6,20,4,6,0.0,0.33,0.67
